module,responseCellID,responseAxis1ID,responseAxis2ID,responseAxis1Value,responseAxis2Value,responseAxis1Label,responseAxis2Label,outcomeName,nBackgrounds,nResponseScrambles,nBackgroundsPerScramble,nSeeds,mean,meanP025,meanP975,median,p05,p10,p90,p95,nBootstrap,bootstrapUnit
capacity_q,1,1,1,0.01,0,0.01,q_F=0,mean_marginal_consistency,256,8,32,50,0.64271875,0.632652734375,0.652971484375,0.656,0.255,0.356,0.902,0.948,2000,complete_response_scramble_block
capacity_q,2,1,2,0.01,0.5,0.01,q_F=0.5,mean_marginal_consistency,256,8,32,50,0.670546875,0.65798359375,0.682663671875,0.67,0.363,0.466,0.9,0.94,2000,complete_response_scramble_block
capacity_q,3,1,3,0.01,1,0.01,q_F=1,mean_marginal_consistency,256,8,32,50,0.775640625000001,0.759481640625,0.79166015625,0.812,0.492,0.532,0.976,0.992,2000,complete_response_scramble_block
capacity_q,4,2,1,0.03,0,0.03,q_F=0,mean_marginal_consistency,256,8,32,50,0.666218750000001,0.656436328124999,0.67559375,0.674,0.316,0.39,0.912,0.948,2000,complete_response_scramble_block
capacity_q,5,2,2,0.03,0.5,0.03,q_F=0.5,mean_marginal_consistency,256,8,32,50,0.71784375,0.705730078124999,0.72651640625,0.736,0.409,0.514,0.912,0.952,2000,complete_response_scramble_block
capacity_q,6,2,3,0.03,1,0.03,q_F=1,mean_marginal_consistency,256,8,32,50,0.809390625,0.795640625,0.822235546875,0.852,0.517,0.598,0.98,0.989,2000,complete_response_scramble_block
capacity_q,7,3,1,0.1,0,0.1,q_F=0,mean_marginal_consistency,256,8,32,50,0.7309375,0.719562109375,0.742265625,0.754,0.403,0.486,0.944,0.968,2000,complete_response_scramble_block
capacity_q,8,3,2,0.1,0.5,0.1,q_F=0.5,mean_marginal_consistency,256,8,32,50,0.808718749999999,0.79452890625,0.819924218749999,0.856,0.455,0.616,0.968,0.98,2000,complete_response_scramble_block
capacity_q,9,3,3,0.1,1,0.1,q_F=1,mean_marginal_consistency,256,8,32,50,0.846796875,0.828155468749999,0.861907421875001,0.908,0.495,0.656,0.992,0.996,2000,complete_response_scramble_block
capacity_q,10,4,1,0.3,0,0.3,q_F=0,mean_marginal_consistency,256,8,32,50,0.7901875,0.778712109375,0.801094921875,0.812,0.466,0.562,0.976,0.992,2000,complete_response_scramble_block
capacity_q,11,4,2,0.3,0.5,0.3,q_F=0.5,mean_marginal_consistency,256,8,32,50,0.8255625,0.8075265625,0.840127343749999,0.86,0.489,0.606,0.984,0.996,2000,complete_response_scramble_block
capacity_q,12,4,3,0.3,1,0.3,q_F=1,mean_marginal_consistency,256,8,32,50,0.8205,0.800640234375001,0.836486328124999,0.864,0.473,0.604,0.986,0.996,2000,complete_response_scramble_block
capacity_q,13,5,1,1,0,1,q_F=0,mean_marginal_consistency,256,8,32,50,0.787,0.773246875,0.800330078125,0.826,0.385,0.536,0.98,0.997,2000,complete_response_scramble_block
capacity_q,14,5,2,1,0.5,1,q_F=0.5,mean_marginal_consistency,256,8,32,50,0.787,0.773246875,0.800330078125,0.826,0.385,0.536,0.98,0.997,2000,complete_response_scramble_block
capacity_q,15,5,3,1,1,1,q_F=1,mean_marginal_consistency,256,8,32,50,0.787,0.773246875,0.800330078125,0.826,0.385,0.536,0.98,0.997,2000,complete_response_scramble_block
