factorID,factorName,factorLabel,outcomeName,outcomeLabel,firstOrderRaw,totalOrderRaw,interactionGapRaw,firstOrderDisplay,totalOrderDisplay,firstOrderP025,firstOrderP975,totalOrderP025,totalOrderP975,nBootstrap,bootstrapSeed,bootstrapUnit,estimator,surrogateUsed,varianceDenominator,groupID,groupName,groupLabel,readout
1,n_tasks,"Repair-task count",log_tau80_tau50,log(\tau_{80}/\tau_{50}),0.00658469042053944,0.0145879191268904,0.00800322870635094,0.00658469042053944,0.0145879191268904,-0.0208441058595643,0.0369151089744576,0.0100714583460743,0.0193888114767799,2000,260824,complete_scramble_block,direct noise-corrected pick-freeze,0,design-driven conditional-mean variance,1,network_architecture,Task-network architecture,primary
1,n_tasks,"Repair-task count",log_tau90_tau80,log(\tau_{90}/\tau_{80}),0.0044988713645925,0.0246439498842075,0.020145078519615,0.0044988713645925,0.0246439498842075,-0.0133679409966509,0.0217901937569609,0.0177768678330294,0.0318798492185916,2000,260824,complete_scramble_block,direct noise-corrected pick-freeze,0,design-driven conditional-mean variance,1,network_architecture,Task-network architecture,primary
1,n_tasks,"Repair-task count",log_tau95_tau90,log(\tau_{95}/\tau_{90}),-0.00242012101679004,0.0171372079208252,0.0195573289376153,0,0.0171372079208252,-0.0309321144321941,0.0227675239055676,0.0149457923446106,0.0196804141567741,2000,260824,complete_scramble_block,direct noise-corrected pick-freeze,0,design-driven conditional-mean variance,1,network_architecture,Task-network architecture,primary
1,n_tasks,"Repair-task count",log_kappa,log(\kappa),0.0102016488689809,0.0197601894707952,0.0095585406018143,0.0102016488689809,0.0197601894707952,-0.0184806430971127,0.0410711240385572,0.0145910658873237,0.0244815776360247,2000,260824,complete_scramble_block,direct noise-corrected pick-freeze,0,design-driven conditional-mean variance,1,network_architecture,Task-network architecture,primary
1,n_tasks,"Repair-task count",logit_eta90,logit(\eta_{90}),0.00402794594068308,0.0151222984279002,0.0110943524872171,0.00402794594068308,0.0151222984279002,-0.0154813359811357,0.0327928120600444,0.0140221813241393,0.0164849258653116,2000,260824,complete_scramble_block,direct noise-corrected pick-freeze,0,design-driven conditional-mean variance,1,network_architecture,Task-network architecture,primary
2,maximum_depth,"Maximum dependency depth",log_tau80_tau50,log(\tau_{80}/\tau_{50}),0.0473325074736852,0.114919326528666,0.0675868190549804,0.0473325074736852,0.114919326528666,0.0228878337745453,0.0753123233566324,0.100365080743715,0.128907753301768,2000,260824,complete_scramble_block,direct noise-corrected pick-freeze,0,design-driven conditional-mean variance,1,network_architecture,Task-network architecture,primary
2,maximum_depth,"Maximum dependency depth",log_tau90_tau80,log(\tau_{90}/\tau_{80}),0.0156569957291679,0.0649750848476838,0.0493180891185159,0.0156569957291679,0.0649750848476838,-0.00352861578606447,0.0353095873129048,0.0595431315751619,0.0696939536879426,2000,260824,complete_scramble_block,direct noise-corrected pick-freeze,0,design-driven conditional-mean variance,1,network_architecture,Task-network architecture,primary
2,maximum_depth,"Maximum dependency depth",log_tau95_tau90,log(\tau_{95}/\tau_{90}),0.0219526085288923,0.0891715613317522,0.0672189528028599,0.0219526085288923,0.0891715613317522,-0.00114904820747706,0.0425094486016023,0.0715290653323657,0.106259341399115,2000,260824,complete_scramble_block,direct noise-corrected pick-freeze,0,design-driven conditional-mean variance,1,network_architecture,Task-network architecture,primary
2,maximum_depth,"Maximum dependency depth",log_kappa,log(\kappa),0.0340441674779018,0.112720177393931,0.0786760099160296,0.0340441674779018,0.112720177393931,0.00975984202238238,0.062266119033752,0.100277098554708,0.124938382122675,2000,260824,complete_scramble_block,direct noise-corrected pick-freeze,0,design-driven conditional-mean variance,1,network_architecture,Task-network architecture,primary
2,maximum_depth,"Maximum dependency depth",logit_eta90,logit(\eta_{90}),0.0412279814488239,0.0642433402876372,0.0230153588388133,0.0412279814488239,0.0642433402876372,0.0188377341718558,0.0700763606919766,0.0611592469876614,0.0677722368623169,2000,260824,complete_scramble_block,direct noise-corrected pick-freeze,0,design-driven conditional-mean variance,1,network_architecture,Task-network architecture,primary
3,task_layer_profile,"Task-layer profile",log_tau80_tau50,log(\tau_{80}/\tau_{50}),0.185812168495898,0.477168306897447,0.29135613840155,0.185812168495898,0.477168306897447,0.158778445929611,0.212480521701187,0.421276819472913,0.537337481747371,2000,260824,complete_scramble_block,direct noise-corrected pick-freeze,0,design-driven conditional-mean variance,1,network_architecture,Task-network architecture,primary
3,task_layer_profile,"Task-layer profile",log_tau90_tau80,log(\tau_{90}/\tau_{80}),0.187830121127974,0.529576871590094,0.341746750462119,0.187830121127974,0.529576871590094,0.16271372983058,0.205835805563114,0.494603436539245,0.564707351204478,2000,260824,complete_scramble_block,direct noise-corrected pick-freeze,0,design-driven conditional-mean variance,1,network_architecture,Task-network architecture,primary
3,task_layer_profile,"Task-layer profile",log_tau95_tau90,log(\tau_{95}/\tau_{90}),0.126535256559592,0.368849005962426,0.242313749402834,0.126535256559592,0.368849005962426,0.109990720529635,0.143630486485365,0.336707513249449,0.402512116239292,2000,260824,complete_scramble_block,direct noise-corrected pick-freeze,0,design-driven conditional-mean variance,1,network_architecture,Task-network architecture,primary
3,task_layer_profile,"Task-layer profile",log_kappa,log(\kappa),0.156761364053112,0.542858536842844,0.386097172789731,0.156761364053112,0.542858536842844,0.130406282972642,0.179488772429074,0.480877593329585,0.610740353298656,2000,260824,complete_scramble_block,direct noise-corrected pick-freeze,0,design-driven conditional-mean variance,1,network_architecture,Task-network architecture,primary
3,task_layer_profile,"Task-layer profile",logit_eta90,logit(\eta_{90}),0.182436911608337,0.288374477124884,0.105937565516546,0.182436911608337,0.288374477124884,0.161254299229522,0.208711689738692,0.271395979619514,0.302098223792126,2000,260824,complete_scramble_block,direct noise-corrected pick-freeze,0,design-driven conditional-mean variance,1,network_architecture,Task-network architecture,primary
4,task_count_concentration,"Task-count concentration",log_tau80_tau50,log(\tau_{80}/\tau_{50}),6.93435727384157e-05,0.032771323911711,0.0327019803389726,6.93435727384157e-05,0.032771323911711,-0.0265195239625364,0.033494043385189,0.0269171386975561,0.0394613276942928,2000,260824,complete_scramble_block,direct noise-corrected pick-freeze,0,design-driven conditional-mean variance,1,network_architecture,Task-network architecture,primary
4,task_count_concentration,"Task-count concentration",log_tau90_tau80,log(\tau_{90}/\tau_{80}),-0.00582274539223597,0.0596076555808027,0.0654304009730387,0,0.0596076555808027,-0.0138074642235559,0.00338218271118466,0.0516828923699124,0.0678284148521455,2000,260824,complete_scramble_block,direct noise-corrected pick-freeze,0,design-driven conditional-mean variance,1,network_architecture,Task-network architecture,primary
4,task_count_concentration,"Task-count concentration",log_tau95_tau90,log(\tau_{95}/\tau_{90}),-0.00887089034180604,0.0820305642068773,0.0909014545486833,0,0.0820305642068773,-0.0316703054985025,0.0156283270021613,0.0709738403602438,0.0930701004170229,2000,260824,complete_scramble_block,direct noise-corrected pick-freeze,0,design-driven conditional-mean variance,1,network_architecture,Task-network architecture,primary
4,task_count_concentration,"Task-count concentration",log_kappa,log(\kappa),0.00368385474224979,0.0295702648327709,0.0258864100905211,0.00368385474224979,0.0295702648327709,-0.0205649896318709,0.0324848791923369,0.0247270178728219,0.0348153579111868,2000,260824,complete_scramble_block,direct noise-corrected pick-freeze,0,design-driven conditional-mean variance,1,network_architecture,Task-network architecture,primary
4,task_count_concentration,"Task-count concentration",logit_eta90,logit(\eta_{90}),-0.00432620205014545,0.0170456614667789,0.0213718635169244,0,0.0170456614667789,-0.0239777390166516,0.0239236670415794,0.0155723477809265,0.0187361153247579,2000,260824,complete_scramble_block,direct noise-corrected pick-freeze,0,design-driven conditional-mean variance,1,network_architecture,Task-network architecture,primary
5,dependency_logic,"Reconnection-prerequisite configuration",log_tau80_tau50,log(\tau_{80}/\tau_{50}),0.0304392142756156,0.0531382897968952,0.0226990755212796,0.0304392142756156,0.0531382897968952,0.00495611335356504,0.0612585886619348,0.0501581603078308,0.0564172839676002,2000,260824,complete_scramble_block,direct noise-corrected pick-freeze,0,design-driven conditional-mean variance,1,network_architecture,Task-network architecture,primary
5,dependency_logic,"Reconnection-prerequisite configuration",log_tau90_tau80,log(\tau_{90}/\tau_{80}),0.0127310994943525,0.0672046253027034,0.0544735258083509,0.0127310994943525,0.0672046253027034,-0.00101855773337371,0.0255230809466166,0.0606558683687597,0.0751366647783822,2000,260824,complete_scramble_block,direct noise-corrected pick-freeze,0,design-driven conditional-mean variance,1,network_architecture,Task-network architecture,primary
5,dependency_logic,"Reconnection-prerequisite configuration",log_tau95_tau90,log(\tau_{95}/\tau_{90}),0.0114895725049902,0.102873181997435,0.0913836094924446,0.0114895725049902,0.102873181997435,-0.0135019965657605,0.034050407151998,0.0963347868793006,0.109063821093378,2000,260824,complete_scramble_block,direct noise-corrected pick-freeze,0,design-driven conditional-mean variance,1,network_architecture,Task-network architecture,primary
5,dependency_logic,"Reconnection-prerequisite configuration",log_kappa,log(\kappa),0.0213467490756819,0.0449559977075388,0.0236092486318569,0.0213467490756819,0.0449559977075388,-0.00140171125544449,0.049416907185488,0.0401154853437787,0.0501470311643469,2000,260824,complete_scramble_block,direct noise-corrected pick-freeze,0,design-driven conditional-mean variance,1,network_architecture,Task-network architecture,primary
5,dependency_logic,"Reconnection-prerequisite configuration",logit_eta90,logit(\eta_{90}),0.0760210185231032,0.159112618491629,0.083091599968526,0.0760210185231032,0.159112618491629,0.059812482284284,0.094235582122702,0.152535013258358,0.166658102755545,2000,260824,complete_scramble_block,direct noise-corrected pick-freeze,0,design-driven conditional-mean variance,1,network_architecture,Task-network architecture,primary
6,parent_concentration,"Symmetric per-candidate parent-choice concentration (Dirichlet shape alpha_p)",log_tau80_tau50,log(\tau_{80}/\tau_{50}),0.00580462920959599,8.33318778572302e-06,-0.00579629602181027,0.00580462920959599,8.33318778572302e-06,-0.0173315301322081,0.0337046052273848,-0.000166253846868062,0.000216078110546919,2000,260824,complete_scramble_block,direct noise-corrected pick-freeze,0,design-driven conditional-mean variance,1,network_architecture,Task-network architecture,primary
6,parent_concentration,"Symmetric per-candidate parent-choice concentration (Dirichlet shape alpha_p)",log_tau90_tau80,log(\tau_{90}/\tau_{80}),0.00422565647984703,0.000539246331078127,-0.0036864101487689,0.00422565647984703,0.000539246331078127,-0.0138666597511618,0.0225688010940383,9.0773299681151e-05,0.00093448953446982,2000,260824,complete_scramble_block,direct noise-corrected pick-freeze,0,design-driven conditional-mean variance,1,network_architecture,Task-network architecture,primary
6,parent_concentration,"Symmetric per-candidate parent-choice concentration (Dirichlet shape alpha_p)",log_tau95_tau90,log(\tau_{95}/\tau_{90}),-0.00616970459120473,0.000408047841064961,0.00657775243226969,0,0.000408047841064961,-0.0353353446878563,0.0210037581806913,-0.000976040437923725,0.0017926582105697,2000,260824,complete_scramble_block,direct noise-corrected pick-freeze,0,design-driven conditional-mean variance,1,network_architecture,Task-network architecture,primary
6,parent_concentration,"Symmetric per-candidate parent-choice concentration (Dirichlet shape alpha_p)",log_kappa,log(\kappa),0.00683840804585189,-1.37074941388404e-05,-0.00685211553999073,0.00683840804585189,0,-0.0186298132155078,0.0377157191758925,-0.000146533752323162,0.000125409492338109,2000,260824,complete_scramble_block,direct noise-corrected pick-freeze,0,design-driven conditional-mean variance,1,network_architecture,Task-network architecture,primary
6,parent_concentration,"Symmetric per-candidate parent-choice concentration (Dirichlet shape alpha_p)",logit_eta90,logit(\eta_{90}),-0.00385196361888024,1.84483563589425e-05,0.00387041197523918,0,1.84483563589425e-05,-0.0241980186120485,0.0248160619773078,-0.000337729897543636,0.000462034883073915,2000,260824,complete_scramble_block,direct noise-corrected pick-freeze,0,design-driven conditional-mean variance,1,network_architecture,Task-network architecture,primary
7,service_layer_profile,"Layer service-share profile",log_tau80_tau50,log(\tau_{80}/\tau_{50}),0.213065942951264,0.412598286121402,0.199532343170138,0.213065942951264,0.412598286121402,0.192179309898938,0.236670380044516,0.373691017397615,0.454685216448005,2000,260824,complete_scramble_block,direct noise-corrected pick-freeze,0,design-driven conditional-mean variance,2,task_service_attributes,Task and service attributes,primary
7,service_layer_profile,"Layer service-share profile",log_tau90_tau80,log(\tau_{90}/\tau_{80}),0.166783875428111,0.495474623283674,0.328690747855563,0.166783875428111,0.495474623283674,0.135289173346812,0.195118629383849,0.468485788502262,0.530632850746472,2000,260824,complete_scramble_block,direct noise-corrected pick-freeze,0,design-driven conditional-mean variance,2,task_service_attributes,Task and service attributes,primary
7,service_layer_profile,"Layer service-share profile",log_tau95_tau90,log(\tau_{95}/\tau_{90}),0.0901871969382424,0.347335278132843,0.2571480811946,0.0901871969382424,0.347335278132843,0.0532761093796688,0.122698933160037,0.324723361468454,0.371123645462339,2000,260824,complete_scramble_block,direct noise-corrected pick-freeze,0,design-driven conditional-mean variance,2,task_service_attributes,Task and service attributes,primary
7,service_layer_profile,"Layer service-share profile",log_kappa,log(\kappa),0.140496526376161,0.470203571959681,0.32970704558352,0.140496526376161,0.470203571959681,0.114957968103803,0.172677811637421,0.418936059240308,0.527336479759111,2000,260824,complete_scramble_block,direct noise-corrected pick-freeze,0,design-driven conditional-mean variance,2,task_service_attributes,Task and service attributes,primary
7,service_layer_profile,"Layer service-share profile",logit_eta90,logit(\eta_{90}),0.144767367951632,0.218354677504831,0.0735873095531994,0.144767367951632,0.218354677504831,0.122603574992852,0.170788316227118,0.209937283116725,0.226223420203651,2000,260824,complete_scramble_block,direct noise-corrected pick-freeze,0,design-driven conditional-mean variance,2,task_service_attributes,Task and service attributes,primary
8,duration_depth_ratio,"Deep-to-shallow mean-duration ratio",log_tau80_tau50,log(\tau_{80}/\tau_{50}),0.0165529638692088,0.0198817231570144,0.00332875928780558,0.0165529638692088,0.0198817231570144,-0.0128027062514461,0.0504845714811243,0.0177687665016727,0.0220623626381856,2000,260824,complete_scramble_block,direct noise-corrected pick-freeze,0,design-driven conditional-mean variance,2,task_service_attributes,Task and service attributes,primary
8,duration_depth_ratio,"Deep-to-shallow mean-duration ratio",log_tau90_tau80,log(\tau_{90}/\tau_{80}),0.0113186221737167,0.0249808802773404,0.0136622581036237,0.0113186221737167,0.0249808802773404,-0.00993806734641613,0.0342423787124963,0.0224385635033977,0.0274220956619092,2000,260824,complete_scramble_block,direct noise-corrected pick-freeze,0,design-driven conditional-mean variance,2,task_service_attributes,Task and service attributes,primary
8,duration_depth_ratio,"Deep-to-shallow mean-duration ratio",log_tau95_tau90,log(\tau_{95}/\tau_{90}),0.00337469630326598,0.0261898224849765,0.0228151261817105,0.00337469630326598,0.0261898224849765,-0.0244358251974594,0.0307631505395588,0.0218400325405841,0.0301015102459566,2000,260824,complete_scramble_block,direct noise-corrected pick-freeze,0,design-driven conditional-mean variance,2,task_service_attributes,Task and service attributes,primary
8,duration_depth_ratio,"Deep-to-shallow mean-duration ratio",log_kappa,log(\kappa),0.0184137363859299,0.0254354373713485,0.00702170098541868,0.0184137363859299,0.0254354373713485,-0.0153818573336335,0.0571672821319851,0.0228154867784971,0.0282651670633619,2000,260824,complete_scramble_block,direct noise-corrected pick-freeze,0,design-driven conditional-mean variance,2,task_service_attributes,Task and service attributes,primary
8,duration_depth_ratio,"Deep-to-shallow mean-duration ratio",logit_eta90,logit(\eta_{90}),0.00317159169417372,0.0151655391157298,0.0119939474215561,0.00317159169417372,0.0151655391157298,-0.0184762882843426,0.034731970347553,0.0141396834336793,0.0162923031350316,2000,260824,complete_scramble_block,direct noise-corrected pick-freeze,0,design-driven conditional-mean variance,2,task_service_attributes,Task and service attributes,primary
9,cv_duration_within_layer,"Within-layer repair-duration CV",log_tau80_tau50,log(\tau_{80}/\tau_{50}),0.0455597183063224,0.116604208008787,0.0710444897024646,0.0455597183063224,0.116604208008787,0.0231547077669652,0.071236524504337,0.102612817631724,0.132626103534452,2000,260824,complete_scramble_block,direct noise-corrected pick-freeze,0,design-driven conditional-mean variance,2,task_service_attributes,Task and service attributes,primary
9,cv_duration_within_layer,"Within-layer repair-duration CV",log_tau90_tau80,log(\tau_{90}/\tau_{80}),0.0303579912421571,0.0882669074835742,0.0579089162414171,0.0303579912421571,0.0882669074835742,0.0133319080947075,0.0482671860376034,0.0806767558490832,0.0963232748936585,2000,260824,complete_scramble_block,direct noise-corrected pick-freeze,0,design-driven conditional-mean variance,2,task_service_attributes,Task and service attributes,primary
9,cv_duration_within_layer,"Within-layer repair-duration CV",log_tau95_tau90,log(\tau_{95}/\tau_{90}),0.10034011093938,0.244414807931143,0.144074696991762,0.10034011093938,0.244414807931143,0.0615340756897645,0.141982584008529,0.22919156293927,0.258578806889101,2000,260824,complete_scramble_block,direct noise-corrected pick-freeze,0,design-driven conditional-mean variance,2,task_service_attributes,Task and service attributes,primary
9,cv_duration_within_layer,"Within-layer repair-duration CV",log_kappa,log(\kappa),0.0328110922704123,0.105033898902694,0.0722228066322814,0.0328110922704123,0.105033898902694,0.0081603076891121,0.062284876438916,0.0892246105819947,0.123359714634344,2000,260824,complete_scramble_block,direct noise-corrected pick-freeze,0,design-driven conditional-mean variance,2,task_service_attributes,Task and service attributes,primary
9,cv_duration_within_layer,"Within-layer repair-duration CV",logit_eta90,logit(\eta_{90}),0.137234649802244,0.213861328025275,0.0766266782230309,0.137234649802244,0.213861328025275,0.11195804485043,0.169022958932705,0.206461559465775,0.221256306652786,2000,260824,complete_scramble_block,direct noise-corrected pick-freeze,0,design-driven conditional-mean variance,2,task_service_attributes,Task and service attributes,primary
10,cv_weight_within_layer,"Within-layer service-weight CV",log_tau80_tau50,log(\tau_{80}/\tau_{50}),0.0109368816927452,0.0103529516430013,-0.000583930049743909,0.0109368816927452,0.0103529516430013,-0.0129336544659731,0.0405017594287724,0.00785211091909531,0.01336463001481,2000,260824,complete_scramble_block,direct noise-corrected pick-freeze,0,design-driven conditional-mean variance,2,task_service_attributes,Task and service attributes,primary
10,cv_weight_within_layer,"Within-layer service-weight CV",log_tau90_tau80,log(\tau_{90}/\tau_{80}),0.00204127060601112,0.00374595460826983,0.00170468400225871,0.00204127060601112,0.00374595460826983,-0.0147754600817102,0.0212238694343831,0.00270764402860072,0.00485600651553302,2000,260824,complete_scramble_block,direct noise-corrected pick-freeze,0,design-driven conditional-mean variance,2,task_service_attributes,Task and service attributes,primary
10,cv_weight_within_layer,"Within-layer service-weight CV",log_tau95_tau90,log(\tau_{95}/\tau_{90}),-0.00646113273676209,0.00564121985639196,0.012102352593154,0,0.00564121985639196,-0.0339572718353557,0.018903511473441,0.00415258211187419,0.00725131443472185,2000,260824,complete_scramble_block,direct noise-corrected pick-freeze,0,design-driven conditional-mean variance,2,task_service_attributes,Task and service attributes,primary
10,cv_weight_within_layer,"Within-layer service-weight CV",log_kappa,log(\kappa),0.0133483289825752,0.0145075703640636,0.00115924138148836,0.0133483289825752,0.0145075703640636,-0.0131054328113524,0.0472681521206769,0.0114572371026533,0.0179414163001373,2000,260824,complete_scramble_block,direct noise-corrected pick-freeze,0,design-driven conditional-mean variance,2,task_service_attributes,Task and service attributes,primary
10,cv_weight_within_layer,"Within-layer service-weight CV",logit_eta90,logit(\eta_{90}),-0.00102730418276715,0.00337363100177128,0.00440093518453843,0,0.00337363100177128,-0.0215023806306066,0.0292937984948211,0.00287767038114421,0.00386188531363508,2000,260824,complete_scramble_block,direct noise-corrected pick-freeze,0,design-driven conditional-mean variance,2,task_service_attributes,Task and service attributes,primary
11,rho_duration_weight,"Duration-service-weight rank-score association",log_tau80_tau50,log(\tau_{80}/\tau_{50}),0.00642091914721221,0.00562849987299789,-0.000792419274214317,0.00642091914721221,0.00562849987299789,-0.0174698495230366,0.034801990795507,0.00433647816245689,0.00686017524874442,2000,260824,complete_scramble_block,direct noise-corrected pick-freeze,0,design-driven conditional-mean variance,2,task_service_attributes,Task and service attributes,primary
11,rho_duration_weight,"Duration-service-weight rank-score association",log_tau90_tau80,log(\tau_{90}/\tau_{80}),-2.73263338566668e-05,0.0061285689247327,0.00615589525858937,0,0.0061285689247327,-0.0161127204753849,0.0185078379153635,0.00468485142974081,0.00772568527001334,2000,260824,complete_scramble_block,direct noise-corrected pick-freeze,0,design-driven conditional-mean variance,2,task_service_attributes,Task and service attributes,primary
11,rho_duration_weight,"Duration-service-weight rank-score association",log_tau95_tau90,log(\tau_{95}/\tau_{90}),-0.00734250940503354,0.0184450455439132,0.0257875549489468,0,0.0184450455439132,-0.0312287777360372,0.0165594629993506,0.0138254469525929,0.0225826528548565,2000,260824,complete_scramble_block,direct noise-corrected pick-freeze,0,design-driven conditional-mean variance,2,task_service_attributes,Task and service attributes,primary
11,rho_duration_weight,"Duration-service-weight rank-score association",log_kappa,log(\kappa),0.00749567556644124,0.00595695481048726,-0.00153872075595398,0.00749567556644124,0.00595695481048726,-0.0175622618808064,0.0383167191302209,0.00419128954389689,0.00773412468228214,2000,260824,complete_scramble_block,direct noise-corrected pick-freeze,0,design-driven conditional-mean variance,2,task_service_attributes,Task and service attributes,primary
11,rho_duration_weight,"Duration-service-weight rank-score association",logit_eta90,logit(\eta_{90}),-0.00115667101664645,0.0078369427725147,0.00899361378916115,0,0.0078369427725147,-0.0213393298578898,0.0299771918496244,0.00704230563183558,0.00864651969415433,2000,260824,complete_scramble_block,direct noise-corrected pick-freeze,0,design-driven conditional-mean variance,2,task_service_attributes,Task and service attributes,primary
12,crew_fraction,"Relative repair capacity, C/N",log_tau80_tau50,log(\tau_{80}/\tau_{50}),0.0348500819818352,0.346752445147862,0.311902363166027,0.0348500819818352,0.346752445147862,0.0152226950919329,0.052952316170533,0.326260554925592,0.368156085271402,2000,260824,complete_scramble_block,direct noise-corrected pick-freeze,0,design-driven conditional-mean variance,3,repair_organization,Repair organization,primary
12,crew_fraction,"Relative repair capacity, C/N",log_tau90_tau80,log(\tau_{90}/\tau_{80}),-0.00183122367347806,0.365402651058704,0.367233874732182,0,0.365402651058704,-0.0275815271385568,0.0270078161746017,0.335395477584798,0.396230288703636,2000,260824,complete_scramble_block,direct noise-corrected pick-freeze,0,design-driven conditional-mean variance,3,repair_organization,Repair organization,primary
12,crew_fraction,"Relative repair capacity, C/N",log_tau95_tau90,log(\tau_{95}/\tau_{90}),0.0811359675175776,0.436583985332225,0.355448017814647,0.0811359675175776,0.436583985332225,0.0606191464672696,0.0977239030644925,0.409785133255113,0.470067577173619,2000,260824,complete_scramble_block,direct noise-corrected pick-freeze,0,design-driven conditional-mean variance,3,repair_organization,Repair organization,primary
12,crew_fraction,"Relative repair capacity, C/N",log_kappa,log(\kappa),0.0251575191046235,0.400174377704969,0.375016858600345,0.0251575191046235,0.400174377704969,0.00175162941443299,0.045956463763649,0.371741974414355,0.430564084330413,2000,260824,complete_scramble_block,direct noise-corrected pick-freeze,0,design-driven conditional-mean variance,3,repair_organization,Repair organization,primary
12,crew_fraction,"Relative repair capacity, C/N",logit_eta90,logit(\eta_{90}),0.139532231791484,0.304461374356217,0.164929142564734,0.139532231791484,0.304461374356217,0.126308904818614,0.153734450959588,0.293744536513854,0.316757476293605,2000,260824,complete_scramble_block,direct noise-corrected pick-freeze,0,design-driven conditional-mean variance,3,repair_organization,Repair organization,primary
13,q_f,"Frontier-priority probability, q_F",log_tau80_tau50,log(\tau_{80}/\tau_{50}),0.0167940833091904,0.0658148925152446,0.0490208092060542,0.0167940833091904,0.0658148925152446,-0.0107871669290764,0.051704792325883,0.0611097867231349,0.0710806930490488,2000,260824,complete_scramble_block,direct noise-corrected pick-freeze,0,design-driven conditional-mean variance,3,repair_organization,Repair organization,primary
13,q_f,"Frontier-priority probability, q_F",log_tau90_tau80,log(\tau_{90}/\tau_{80}),0.0213406202982279,0.0864564460650526,0.0651158257668247,0.0213406202982279,0.0864564460650526,0.000314534255156805,0.0462556421176556,0.0706477031392235,0.103071041955241,2000,260824,complete_scramble_block,direct noise-corrected pick-freeze,0,design-driven conditional-mean variance,3,repair_organization,Repair organization,primary
13,q_f,"Frontier-priority probability, q_F",log_tau95_tau90,log(\tau_{95}/\tau_{90}),0.00287938413775125,0.0764858758927903,0.0736064917550391,0.00287938413775125,0.0764858758927903,-0.0267367170711165,0.0335439741521689,0.066547852924553,0.0859550872203786,2000,260824,complete_scramble_block,direct noise-corrected pick-freeze,0,design-driven conditional-mean variance,3,repair_organization,Repair organization,primary
13,q_f,"Frontier-priority probability, q_F",log_kappa,log(\kappa),0.0121635353555098,0.0653316082423476,0.0531680728868378,0.0121635353555098,0.0653316082423476,-0.0166063791717053,0.0499828359388208,0.0551110363577633,0.0753333739908451,2000,260824,complete_scramble_block,direct noise-corrected pick-freeze,0,design-driven conditional-mean variance,3,repair_organization,Repair organization,primary
13,q_f,"Frontier-priority probability, q_F",logit_eta90,logit(\eta_{90}),0.0161197006755591,0.0533956051910047,0.0372759045154456,0.0161197006755591,0.0533956051910047,-0.0107765352619945,0.0545707703947219,0.0498815989431368,0.0567043197578059,2000,260824,complete_scramble_block,direct noise-corrected pick-freeze,0,design-driven conditional-mean variance,3,repair_organization,Repair organization,primary
