readout,metricName,nRuns,empiricalP05,empiricalMedian,empiricalP95,simulationP05,simulationMedian,simulationP95,belowFraction,withinFraction,aboveFraction,comparisonRole
primary,tau80_tau50,409600,1.07982145040661,1.56165731864287,3.60726462173638,1.00524465906466,1.42795931680325,4.51613275043924,0.1456298828125,0.78452392578125,0.06984619140625,primary readout
primary,tau90_tau80,409600,1.02480136420731,1.21274599643935,2.53300343608962,1.00053540183233,1.10492510605658,1.88063959683896,0.2460693359375,0.73160400390625,0.02232666015625,primary readout
primary,tau95_tau90,409600,1.01334391103146,1.13198500438231,2.66666348926272,1.00029241046727,1.05463888464179,1.48020463934179,0.2752294921875,0.72080078125,0.0039697265625,primary readout
primary,kappa,409600,0.90286252257504,1.13790771778109,2.88227216157686,0.833534748127993,1.01555476447649,2.57029281985908,0.166865234375,0.79162353515625,0.04151123046875,primary readout
primary,eta90,409600,0.00216920791050627,0.0367222732083632,0.331458734194704,0.00044104560837478,0.0135477745953516,0.129337022136725,0.14973876953125,0.84588134765625,0.0043798828125,primary readout
exact_step,tau80_tau50,409600,1.07982145040661,1.56165731864287,3.60726462173638,1,1.4065527408236,4.3510030394444,0.1716943359375,0.7618798828125,0.06642578125,exact-step readout sensitivity; primary empirical bounds unchanged
exact_step,tau90_tau80,409600,1.02480136420731,1.21274599643935,2.53300343608962,1,1.10241419055902,1.88494785548179,0.27618408203125,0.7015869140625,0.02222900390625,exact-step readout sensitivity; primary empirical bounds unchanged
exact_step,tau95_tau90,409600,1.01334391103146,1.13198500438231,2.66666348926272,1,1.0533618701533,1.49217395336117,0.31669677734375,0.67915283203125,0.004150390625,exact-step readout sensitivity; primary empirical bounds unchanged
exact_step,kappa,409600,0.90286252257504,1.13790771778109,2.88227216157686,0.831498337139012,1.01927408719642,2.49575140558742,0.16695556640625,0.7940234375,0.03902099609375,exact-step readout sensitivity; primary empirical bounds unchanged
exact_step,eta90,409600,0.00216920791050627,0.0367222732083632,0.331458734194704,9.90055934876263e-05,0.0133662579134537,0.126412311676896,0.16963623046875,0.8266015625,0.00376220703125,exact-step readout sensitivity; primary empirical bounds unchanged
