groupID,groupName,groupLabel,outcomeName,outcomeLabel,firstOrderRaw,totalOrderRaw,interactionGapRaw,firstOrderDisplay,totalOrderDisplay,firstOrderP025,firstOrderP975,totalOrderP025,totalOrderP975,nBootstrap,bootstrapSeed,bootstrapUnit,estimator,surrogateUsed,varianceDenominator,readout
1,network_architecture,Task-network architecture,log_tau80_tau50,log(\tau_{80}/\tau_{50}),0.261530988103037,0.582088492586057,0.320557504483019,0.261530988103037,0.582088492586057,0.224431874085146,0.294738715977322,0.52992722815717,0.63539834806748,2000,260825,complete_scramble_block,direct noise-corrected pick-freeze,0,design-driven conditional-mean variance,primary
1,network_architecture,Task-network architecture,log_tau90_tau80,log(\tau_{90}/\tau_{80}),0.225913793551856,0.634318841195669,0.408405047643813,0.225913793551856,0.634318841195669,0.194580336588951,0.25396635240951,0.597676151638971,0.666166650365278,2000,260825,complete_scramble_block,direct noise-corrected pick-freeze,0,design-driven conditional-mean variance,primary
1,network_architecture,Task-network architecture,log_tau95_tau90,log(\tau_{95}/\tau_{90}),0.198050301096714,0.530883735067209,0.332833433970494,0.198050301096714,0.530883735067209,0.179356659936954,0.213965490417704,0.497452250813336,0.561597790363739,2000,260825,complete_scramble_block,direct noise-corrected pick-freeze,0,design-driven conditional-mean variance,primary
1,network_architecture,Task-network architecture,log_kappa,log(\kappa),0.229669114760134,0.646401319492991,0.416732204732858,0.229669114760134,0.646401319492991,0.19207673301383,0.261887121826456,0.586257838401051,0.707539717235373,2000,260825,complete_scramble_block,direct noise-corrected pick-freeze,0,design-driven conditional-mean variance,primary
1,network_architecture,Task-network architecture,logit_eta90,logit(\eta_{90}),0.327762914665612,0.467794065271623,0.140031150606012,0.327762914665612,0.467794065271623,0.305657530093601,0.348967246091918,0.458159362941482,0.477578090358352,2000,260825,complete_scramble_block,direct noise-corrected pick-freeze,0,design-driven conditional-mean variance,primary
2,task_service_attributes,Task and service attributes,log_tau80_tau50,log(\tau_{80}/\tau_{50}),0.273776807434413,0.556706093964263,0.28292928652985,0.273776807434413,0.556706093964263,0.245719247639122,0.304214523211496,0.518063839188012,0.599263408667198,2000,260825,complete_scramble_block,direct noise-corrected pick-freeze,0,design-driven conditional-mean variance,primary
2,task_service_attributes,Task and service attributes,log_tau90_tau80,log(\tau_{90}/\tau_{80}),0.200551303227193,0.572808203705344,0.372256900478151,0.200551303227193,0.572808203705344,0.172214968350529,0.226076928566095,0.539449798676662,0.609718375100925,2000,260825,complete_scramble_block,direct noise-corrected pick-freeze,0,design-driven conditional-mean variance,primary
2,task_service_attributes,Task and service attributes,log_tau95_tau90,log(\tau_{95}/\tau_{90}),0.208885536163143,0.594129460193678,0.385243924030535,0.208885536163143,0.594129460193678,0.176272553194458,0.239937002446831,0.569978495166178,0.621650256711622,2000,260825,complete_scramble_block,direct noise-corrected pick-freeze,0,design-driven conditional-mean variance,primary
2,task_service_attributes,Task and service attributes,log_kappa,log(\kappa),0.192030443953939,0.622329726626752,0.430299282672814,0.192030443953939,0.622329726626752,0.148247862958672,0.244296157057603,0.566264865420271,0.678533289725602,2000,260825,complete_scramble_block,direct noise-corrected pick-freeze,0,design-driven conditional-mean variance,primary
2,task_service_attributes,Task and service attributes,logit_eta90,logit(\eta_{90}),0.299994892833462,0.444589377331475,0.144594484498013,0.299994892833462,0.444589377331475,0.278729387096,0.324342345840544,0.433094764460538,0.455499031769604,2000,260825,complete_scramble_block,direct noise-corrected pick-freeze,0,design-driven conditional-mean variance,primary
3,repair_organization,Repair organization,log_tau80_tau50,log(\tau_{80}/\tau_{50}),0.0568699197917332,0.395188484141088,0.338318564349355,0.0568699197917332,0.395188484141088,0.0346458051862658,0.0772672773596959,0.37211599644386,0.420933535435837,2000,260825,complete_scramble_block,direct noise-corrected pick-freeze,0,design-driven conditional-mean variance,primary
3,repair_organization,Repair organization,log_tau90_tau80,log(\tau_{90}/\tau_{80}),0.0313438946144413,0.407228171748404,0.375884277133963,0.0313438946144413,0.407228171748404,0.00359552454286627,0.0606242880820058,0.383605771152598,0.432211608322074,2000,260825,complete_scramble_block,direct noise-corrected pick-freeze,0,design-driven conditional-mean variance,primary
3,repair_organization,Repair organization,log_tau95_tau90,log(\tau_{95}/\tau_{90}),0.102813208162181,0.484547403750428,0.381734195588247,0.102813208162181,0.484547403750428,0.0739741902073635,0.124151706747049,0.454170083341602,0.517344286775226,2000,260825,complete_scramble_block,direct noise-corrected pick-freeze,0,design-driven conditional-mean variance,primary
3,repair_organization,Repair organization,log_kappa,log(\kappa),0.04034640801732,0.442542285644462,0.402195877627142,0.04034640801732,0.442542285644462,0.0154834971708436,0.0618480759541654,0.406858973475716,0.483770094900726,2000,260825,complete_scramble_block,direct noise-corrected pick-freeze,0,design-driven conditional-mean variance,primary
3,repair_organization,Repair organization,logit_eta90,logit(\eta_{90}),0.170249018962913,0.337278370856083,0.16702935189317,0.170249018962913,0.337278370856083,0.154109615781841,0.187958095426166,0.326564569304538,0.348779710477586,2000,260825,complete_scramble_block,direct noise-corrected pick-freeze,0,design-driven conditional-mean variance,primary
