specification,label,family,record_count,earthquake_count,estimate,partial_r2,d0_factor,ci95_low,ci95_high,bootstrap_successes
primary,log2(D0) (primary),D0 representation,613,120,0.0633512166978105,0.116262442869066,1.13014957512539,0.0290095450133408,0.109904359288237,2000
raw_d0,Raw D0,D0 representation,613,120,0.0473838827064773,0.0869591184389476,1.12628309401239,0.0143448320976092,0.0877125660104023,2000
log2_d0_complete,log2(D0) + complete-disruption indicator,D0 representation,613,120,0.0635064943056103,0.116547409045671,1.13250967491603,0.0304522995987825,0.11226316692082,2000
spline_log2_d0,Spline in log2(D0),D0 representation,613,120,0.0688639038294749,0.126379351526991,1.17818528607329,0.0328608685460385,0.117824203686028,2000
log2p1_d0_zero_inclusive,log2(1 + D0),zero-inclusive D0,626,121,0.0491348501024492,0.0900744493341626,1.16233342565734,0.0170008664995737,0.0903949734437795,2000
T80,T80,restoration milestone,622,121,0.0564754179231859,0.106769176129054,1.12020454706285,0.0245275260952109,0.0983199233143568,2000
T95,T95,restoration milestone,595,120,0.0680549096767983,0.122193087567712,1.13533073441196,0.03227008605139,0.114209554506832,2000
popWeightedPGA_g,Population-weighted PGA,PGA summary,613,120,0.0490751866365313,0.0934761160688836,1.11705814672811,0.0237594034623017,0.0837005883145822,2000
popMeanPGA_g,Mean PGA across populated cells,PGA summary,613,120,0.0518023003407487,0.098161936324331,1.11961111676588,0.0241462591366468,0.0911937532594426,2000
pgaMedian_g,Median PGA across populated cells,PGA summary,613,120,0.0587135632620229,0.107711396201808,1.12677348470467,0.0283369217332797,0.0955972094700767,2000
pgaMax_g,Maximum PGA across populated cells,PGA summary,613,120,0.0570648856034439,0.107588747590302,1.1240973300425,0.0227475558816847,0.0974601249051517,2000
ln1p_pga_over_0p1,ln[1 + PGA / (0.1 g)],PGA functional form,613,120,0.0682650161464057,0.120302811589707,1.13586024400459,0.0316987650853089,0.10925388198559,2000
population_density,Population density,population measure,613,120,0.0431059852121727,0.0805693646739602,1.10314316736727,0.0164509225383,0.0859361394195696,2000
exclude_bottom_1pct,Exclude bottom 1% of positive D0,small-positive D0,607,120,0.0657648129789781,0.120914931435831,1.13826255609256,0.0319199792724505,0.111357787977287,2000
exclude_bottom_5pct,Exclude bottom 5% of positive D0,small-positive D0,582,117,0.0540570292547518,0.10142310360758,1.13585035077388,0.0244889170400109,0.0924637913125904,2000
