panel,family,specification,pga_field,context_measure,outcome,record_count,earthquake_count,r2_loeo_cv,r2_ci95_low,r2_ci95_high,context_r2_loeo_cv,plus_d0_r2_loeo_cv,delta_r2_loeo_cv,delta_ci95_low,delta_ci95_high,status,error_message
c,d0_representation,log2_d0,avg_PGA,population,T90,613,120,NaN,NaN,NaN,0.377667264645359,0.44198858865922,0.0643213240138613,0.02289002503516,0.118018073342751,complete,
c,d0_representation,raw_d0,avg_PGA,population,T90,613,120,NaN,NaN,NaN,0.377667264645359,0.432203582858185,0.0545363182128267,0.0116326305534176,0.102569140627088,complete,
c,d0_representation,log2_d0_complete,avg_PGA,population,T90,613,120,NaN,NaN,NaN,0.377667264645359,0.437782489992183,0.0601152253468241,0.0188168649786212,0.1101528684277,complete,
c,d0_representation,spline_log2_d0,avg_PGA,population,T90,613,120,NaN,NaN,NaN,0.377667264645359,0.445684842116925,0.0680175774715662,0.0237140133467686,0.122129575562961,complete,
c,small_zero_d0,log2p1_d0_zero_inclusive,avg_PGA,population,T90,626,121,NaN,NaN,NaN,0.377806874683264,0.434361204913736,0.056554330230472,0.0146404515602468,0.0990947328131163,complete,
c,restoration_milestone,T80,avg_PGA,population,T80,622,121,NaN,NaN,NaN,0.398828592631548,0.456682391887931,0.0578537992563831,0.021370148247324,0.105860607522132,complete,
c,restoration_milestone,T95,avg_PGA,population,T95,595,120,NaN,NaN,NaN,0.363842717929977,0.432288532288152,0.0684458143581749,0.0228491694650727,0.125644257256181,complete,
c,pga_summary,popWeightedPGA_g,popWeightedPGA_g,population,T90,613,120,NaN,NaN,NaN,0.399380901410463,0.449105945546333,0.0497250441358705,0.0195227704979191,0.0872994511401609,complete,
c,pga_summary,popMeanPGA_g,popMeanPGA_g,population,T90,613,120,NaN,NaN,NaN,0.396569546051439,0.448672880313313,0.0521033342618747,0.0186386171472502,0.0950248463318623,complete,
c,pga_summary,pgaMedian_g,pgaMedian_g,population,T90,613,120,NaN,NaN,NaN,0.377458220982868,0.437581728829063,0.0601235078461944,0.0249440415284943,0.102039931101387,complete,
c,pga_summary,pgaMax_g,pgaMax_g,population,T90,613,120,NaN,NaN,NaN,0.38391712676705,0.44729647601666,0.0633793492496105,0.0225575437499166,0.11271629908196,complete,
c,pga_function,ln1p_pga_over_0p1,avg_PGA,population,T90,613,120,NaN,NaN,NaN,0.343060277538992,0.419065390608478,0.0760051130694864,0.0346519306431736,0.12669076453558,complete,
c,population_measure,population_density,avg_PGA,population_density,T90,613,120,NaN,NaN,NaN,0.393100822612815,0.432860976956383,0.0397601543435676,0.00448703895821762,0.0825339621298081,complete,
c,small_zero_d0,exclude_bottom_1pct,avg_PGA,population,T90,607,120,NaN,NaN,NaN,0.378426165895394,0.445451361011841,0.0670251951164471,0.0247941740167594,0.11877438444566,complete,
c,small_zero_d0,exclude_bottom_5pct,avg_PGA,population,T90,582,117,NaN,NaN,NaN,0.385569582145847,0.442512578557614,0.0569429964117674,0.0199661323457707,0.0996037414351178,complete,
c,time_distribution,lognormal,avg_PGA,population,T90,613,120,NaN,NaN,NaN,0.377667264645359,0.44198858865922,0.0643213240138613,0.02289002503516,0.118018073342751,complete,
c,time_distribution,weibull,avg_PGA,population,T90,613,120,NaN,NaN,NaN,0.353515854408639,0.418740061935629,0.0652242075269899,0.0289750671640477,0.110761283917168,complete,
c,time_distribution,loglogistic,avg_PGA,population,T90,613,120,NaN,NaN,NaN,0.378091917350763,0.445631425412191,0.0675395080614278,0.0236026832840885,0.122483717241998,complete,
