specification,label,family,record_count,earthquake_count,water_factor,gas_factor,water_ci95_low,water_ci95_high,gas_ci95_low,gas_ci95_high,water_p_value,gas_p_value,water_df,gas_df,water_bootstrap_successes,gas_bootstrap_successes,ci_method
primary,Primary model,system-and-context model,951,187,4.30860373423492,5.07823964682586,2.47634772366346,7.49655065048774,2.7621859212674,9.33627157825829,1.52592259381975e-05,1.80486636886731e-05,22.9493966444288,20.3626895045804,NaN,NaN,CR2 Satterthwaite
popWeightedPGA_g,Population-weighted PGA,PGA summary,951,187,4.40204516010731,4.81848120701996,2.50087454151455,7.74849008614752,2.69724121388203,8.60796617777769,1.61567650974256e-05,1.45483874770028e-05,23.1719613855552,20.5009195199883,NaN,NaN,CR2 Satterthwaite
popMeanPGA_g,Mean PGA across populated cells,PGA summary,951,187,4.39897720239798,4.93872623802041,2.49976924076329,7.74111470437506,2.74024543295347,8.90103366683556,1.61550118995266e-05,1.45865080248472e-05,23.1752810578977,20.4412538295831,NaN,NaN,CR2 Satterthwaite
pgaMedian_g,Median PGA across populated cells,PGA summary,951,187,4.41199971242554,4.94256019440857,2.51516038985168,7.73936387555426,2.7565391283565,8.86216379954565,1.45882845755693e-05,1.29370371424167e-05,23.1732370805802,20.4478815443627,NaN,NaN,CR2 Satterthwaite
pgaMax_g,Maximum PGA across populated cells,PGA summary,951,187,4.51578453834885,5.22008768982195,2.5526243574979,7.98876259912336,2.822959627764,9.65274714573731,1.42289685739551e-05,1.66460065688053e-05,23.325043014367,20.2747970196996,NaN,NaN,CR2 Satterthwaite
ln1p_pga_over_0p1,ln[1 + PGA / (0.1 g)],PGA functional form,951,187,4.19755673457827,5.11357443862317,2.44597777578071,7.20345160715106,2.78931850488364,9.3745635335507,1.38041078992398e-05,1.60340904249139e-05,22.9899123085557,20.4003362044083,NaN,NaN,CR2 Satterthwaite
population_density,Population density,population measure,951,187,4.03991327890891,5.96603911788647,2.58568403590622,6.3120238491879,3.32276657209695,10.7120443112226,1.15613527436623e-06,3.00786709365918e-06,23.7968244529499,20.4485651357815,NaN,NaN,CR2 Satterthwaite
T80,T80,restoration milestone,972,191,4.38380103437845,5.82353287817068,2.53695417554936,7.57511179911484,3.20644747706366,10.5766694841331,1.07259377885964e-05,4.01535170995431e-06,23.1621182234551,21.4251543180265,NaN,NaN,CR2 Satterthwaite
T95,T95,restoration milestone,920,186,4.25246782619858,4.75111675543638,2.41180122630236,7.4979158380223,2.54601101145303,8.86606944048748,2.55572997076597e-05,4.26305835985752e-05,22.1495145003358,19.9582534972365,NaN,NaN,CR2 Satterthwaite
random_intercept,Earthquake random intercept,earthquake random-intercept model,951,187,3.69329084340553,4.61484898879967,3.14285968866394,4.34012288336734,3.50236284961613,6.0807038287765,6.09398219947092e-50,7.53808927125783e-26,844.750912052587,816.685023476016,NaN,NaN,Wald Satterthwaite
