specification,label,family,record_count,earthquake_count,estimate,ci95_low,ci95_high,p_value,satterthwaite_df,bootstrap_successes,ci_method,reported_contrast
primary,log2(D0) (primary),D0 representation,613,120,1.13014957512539,1.08622699604514,1.17584820374232,1.54173567213906e-06,23.3194313605858,NaN,CR2 Satterthwaite,D0 0.10 to 0.20
raw_d0,Raw D0,D0 representation,613,120,1.12628309401239,1.06602328244161,1.18994925228343,0.000287335288332305,16.5907877172345,NaN,CR2 Satterthwaite,D0 0.10 to 0.20
log2_d0_complete,log2(D0) + complete-disruption indicator,D0 representation,613,120,1.13250967491603,1.08773676406944,1.17912550733326,1.30426146581199e-06,24.4124032809681,NaN,CR2 Satterthwaite,D0 0.10 to 0.20
spline_log2_d0,Spline in log2(D0),D0 representation,613,120,1.17818528607328,1.08401935967389,1.28053116019734,0.000550066182535903,19.9591704669406,NaN,CR2 Satterthwaite,D0 0.10 to 0.20
log2p1_d0_zero_inclusive,log2(1 + D0),zero-inclusive D0,626,121,1.16233342565734,1.08809944094586,1.24163191484218,0.000165364624757766,16.9112665257778,NaN,CR2 Satterthwaite,D0 0.10 to 0.20
T80,T80,restoration milestone,622,121,1.12020454706285,1.07901843361491,1.16296273369147,1.9220278222144e-06,23.6817678825675,NaN,CR2 Satterthwaite,D0 0.10 to 0.20
T95,T95,restoration milestone,595,120,1.13533073441196,1.08950485447696,1.18308410577868,1.69754784291401e-06,22.9140800143098,NaN,CR2 Satterthwaite,D0 0.10 to 0.20
popWeightedPGA_g,Population-weighted PGA,PGA summary,613,120,1.11705814672811,1.07886242281617,1.15660614067402,1.09827035649176e-06,22.6200619215186,NaN,CR2 Satterthwaite,D0 0.10 to 0.20
popMeanPGA_g,Mean PGA across populated cells,PGA summary,613,120,1.11961111676588,1.07941712253747,1.16130180503249,1.60825725886739e-06,22.9564571927636,NaN,CR2 Satterthwaite,D0 0.10 to 0.20
pgaMedian_g,Median PGA across populated cells,PGA summary,613,120,1.12677348470467,1.08783331071118,1.16710756448843,3.89490457218479e-07,22.8006300871837,NaN,CR2 Satterthwaite,D0 0.10 to 0.20
pgaMax_g,Maximum PGA across populated cells,PGA summary,613,120,1.1240973300425,1.07722841960567,1.17300545029365,1.06032558553218e-05,21.5204603730517,NaN,CR2 Satterthwaite,D0 0.10 to 0.20
ln1p_pga_over_0p1,ln[1 + PGA / (0.1 g)],PGA functional form,613,120,1.13586024400459,1.09451733776531,1.1787647846167,2.77915601414083e-07,23.4656061293098,NaN,CR2 Satterthwaite,D0 0.10 to 0.20
population_density,Population density,population measure,613,120,1.10314316736727,1.06008847446883,1.14794649410641,2.89820547511093e-05,25.5966788663774,NaN,CR2 Satterthwaite,D0 0.10 to 0.20
exclude_bottom_1pct,Exclude bottom 1% of positive D0,small-positive D0,607,120,1.13826255609256,1.08995099197042,1.18871550752947,3.14140097105639e-06,21.9527078854562,NaN,CR2 Satterthwaite,D0 0.10 to 0.20
exclude_bottom_5pct,Exclude bottom 5% of positive D0,small-positive D0,582,117,1.13585035077388,1.08740832941848,1.18645037420587,6.40199314990795e-06,19.5003188558536,NaN,CR2 Satterthwaite,D0 0.10 to 0.20
random_intercept,Earthquake random intercept,earthquake random-intercept model,613,120,1.08989807969982,1.06427562900093,1.11613739125874,3.53978904384088e-12,572.152623778564,NaN,Wald Satterthwaite,D0 0.10 to 0.20
