normal_quantile,residual_quantile
-3.15024761397919,-4.63249995410199
-2.8139315955373,-4.15069079625324
-2.64551749728628,-3.69644145643868
-2.52960040611693,-3.5946680469262
-2.44013209241713,-3.43084422305704
-2.36676061992111,-2.96864769113111
-2.30427559881286,-2.94283083022495
-2.24967127040498,-2.92438501628816
-2.20105029777072,-2.81823113890904
-2.15713552884984,-2.67423744299443
-2.11702473281993,-2.59309256540031
-2.08005605682323,-2.59188796869375
-2.04572906717633,-2.55330079020616
-2.01365586288392,-2.53170631721827
-1.98352945996203,-2.51453860291037
-1.95510259131225,-2.51253068467622
-1.9281730494346,-2.45976347833116
-1.90257328388544,-2.39708991598354
-1.87816284904351,-2.37735629297431
-1.8548228113102,-2.30445284644468
-1.83245153420098,-2.23571859613548
-1.81096145201297,-2.21845122574684
-1.79027656554571,-2.20987149612918
-1.77033047373251,-2.15833702978547
-1.75106480882328,-2.12142568203712
-1.73242797946279,-2.11393834449181
-1.71437415150735,-2.10310685844516
-1.69686241442727,-2.1021273797384
-1.67985609404624,-2.05678022760312
-1.6633221817423,-2.05634556519047
-1.64723085713171,-2.04253816988661
-1.63155508638868,-1.96751290868845
-1.6162702822153,-1.95885378744707
-1.60135401440877,-1.92452203879443
-1.5867857622234,-1.89034679221912
-1.57254670146457,-1.87052691120585
-1.55861952060945,-1.86971774106604
-1.54498826131588,-1.8652637687481
-1.53163817952515,-1.84520926711245
-1.51855562403724,-1.83594175045674
-1.50572792997663,-1.83005491708947
-1.49314332500257,-1.80734026247158
-1.48079084647037,-1.7903044669359
-1.46866026803926,-1.75861078646405
-1.45674203445819,-1.71826654661956
-1.44502720345623,-1.71484898223419
-1.43350739382498,-1.68574763676647
-1.42217473891523,-1.67695613343434
-1.41102184488143,-1.67405300929392
-1.40004175310199,-1.6733445864993
-1.38922790628212,-1.64502123295035
-1.37857411781306,-1.63741095965553
-1.36807454401783,-1.63724549519317
-1.35772365896215,-1.63670874134096
-1.34751623154995,-1.6036209091753
-1.33744730465853,-1.59942245394931
-1.32751217609818,-1.59272991117606
-1.31770638120756,-1.59144040157056
-1.30802567691824,-1.58624468303901
-1.29846602714168,-1.57753702721187
-1.28902358934837,-1.56631159116429
-1.27969470222402,-1.54661859363631
-1.27047587430019,-1.53748234392666
-1.26136377346822,-1.51629540480275
-1.25235521729498,-1.48941669550504
-1.24344716406764,-1.45045591997856
-1.2346367045025,-1.41707873825603
-1.22592105405914,-1.40337600103125
-1.2172975458077,-1.39500658885511
-1.20876362380178,-1.39300072429941
-1.20031683691449,-1.3872102289475
-1.19195483309914,-1.38137135451219
-1.18367535403985,-1.38009339381755
-1.17547623016052,-1.36543319135057
-1.16735537596363,-1.36374929048476
-1.15931078567303,-1.35773325986977
-1.15134052915699,-1.34345466302646
-1.14344274811015,-1.34111514201538
-1.13561565247489,-1.32074213611796
-1.12785751708399,-1.31235472572403
-1.12016667850862,-1.28252373010204
-1.11254153209643,-1.27229992180488
-1.10498052918626,-1.25082744818835
-1.09748217448683,-1.2417931582083
-1.09004502360797,-1.2213753806481
-1.08266768073379,-1.21114247345423
-1.07534879642807,-1.20233848248829
-1.06808706556288,-1.19081542291971
-1.06088122536224,-1.18945625438023
-1.05373005355317,-1.17628377565254
-1.04663236661714,-1.17102486098545
-1.03958701813532,-1.16022415888422
-1.03259289722173,-1.15915629856185
-1.02564892703872,-1.13203694014307
-1.01875406338953,-1.12281564314745
-1.01190729338324,-1.121953907444
-1.00510763416759,-1.11652793413942
-0.998354131725699,-1.09286231443471
-0.991645859732615,-1.06629801031846
-0.984981918468344,-1.06432887739334
-0.97836143378392,-1.04948598250942
-0.971783556117459,-1.0421812353026
-0.965247459557299,-1.03410210863299
-0.958752340949551,-1.03048552047434
-0.952297419047526,-1.02699099084136
-0.945881933700704,-1.02466026797182
-0.939505145081045,-1.0095834635512
-0.93316633294459,-1.00610318475427
-0.926864795926412,-1.00202859216034
-0.920599850867145,-1.0013811123854
-0.914370832169375,-0.997342547967567
-0.908177091182316,-0.991515082828464
-0.902017995613299,-0.975338891604
-0.89589292896465,-0.971763566984508
-0.889801289994675,-0.970430772387224
-0.883742492201493,-0.970091565448708
-0.877715963328577,-0.960058213886834
-0.871721144890897,-0.952787426135816
-0.865757491720645,-0.951875865430886
-0.859824471531573,-0.943862217705037
-0.853921564501024,-0.943026033228054
-0.848048262868809,-0.936874597259034
-0.842204070552101,-0.935632240655549
-0.836388502775588,-0.93384973108868
-0.830601085716169,-0.930817650965654
-0.824841356161488,-0.916301588226854
-0.819108861181678,-0.914959440176857
-0.813403157813692,-0.906690832965658
-0.807723812757651,-0.892541013474236
-0.80207040208465,-0.890636261694994
-0.796442510955512,-0.872952617735569
-0.790839733349997,-0.851358410870427
-0.78526167180599,-0.834302222063791
-0.779707937168249,-0.823746679858076
-0.77417814834626,-0.817336699920397
-0.768671932080836,-0.817077823615913
-0.763188922719058,-0.808130820026089
-0.75772876199721,-0.799478165324399
-0.752291098831362,-0.798860748349401
-0.746875589115285,-0.79586073094577
-0.741481895525379,-0.791904431338442
-0.73610968733233,-0.791127920673864
-0.730758640219212,-0.79069966142976
-0.725428436105772,-0.786224528183473
-0.720118762978643,-0.783113828896266
-0.714829314727244,-0.778437928094921
-0.709559790985138,-0.777876311578588
-0.704309896976639,-0.777298291745099
-0.699079343368431,-0.766434709524975
-0.693867846126043,-0.747643674394536
-0.68867512637495,-0.717160835471594
-0.683500910266142,-0.713701124298359
-0.678344928845983,-0.710012975081247
-0.673206917930193,-0.695007064380361
-0.668086617981795,-0.684303406654808
-0.662983773992877,-0.675236737524075
-0.657898135370031,-0.662799187952294
-0.652829455823315,-0.645591098068662
-0.647777493258629,-0.633731661979796
-0.642742009673359,-0.626851683378331
-0.637722771055176,-0.62338076786259
-0.632719547283881,-0.62279103480577
-0.62773211203617,-0.621597860003159
-0.62276024269323,-0.620236608828311
-0.61780372025105,-0.619588790066667
-0.612862329233366,-0.614458846299602
-0.607935857607122,-0.60853234870791
-0.603024096700388,-0.605803500780056
-0.598126841122625,-0.605337333584368
-0.593243888687225,-0.604013439748321
-0.588375040336248,-0.603910910137016
-0.583520100067275,-0.601617793129485
-0.578678874862308,-0.601053598196671
-0.573851174618653,-0.599723874813184
-0.569036812081697,-0.599164157173653
-0.564235602779545,-0.589858641038861
-0.559447364959434,-0.583353286056842
-0.554671919525866,-0.578525528181385
-0.549909089980416,-0.564580434072059
-0.545158702363143,-0.560528880153892
-0.540420585195562,-0.552436618038068
-0.535694569425127,-0.552144707006449
-0.530980488371162,-0.548952264396575
-0.526278177672216,-0.546227581437527
-0.521587475234769,-0.541683409033436
-0.516908221183275,-0.539719680037414
-0.51224025781147,-0.535987519186727
-0.50758342953493,-0.533456424303572
-0.502937582844822,-0.527512653225932
-0.498302566262821,-0.527413787555565
-0.493678230297148,-0.524318760982437
-0.489064427399707,-0.505494895064963
-0.484461011924269,-0.505438745142404
-0.479867840085689,-0.499848918178688
-0.475284769920109,-0.495904167058751
-0.470711661246128,-0.495584994067132
-0.466148375626905,-0.492008211086417
-0.461594776333162,-0.475665334840282
-0.457050728307073,-0.470816736537427
-0.452516098126999,-0.466523694603371
-0.447990753973045,-0.451970701874762
-0.44347456559343,-0.449611611971966
-0.438967404271623,-0.433573075784524
-0.434469142794239,-0.425551062697649
-0.429979655419666,-0.411030890893856
-0.425498817847405,-0.409616329721781
-0.421026507188095,-0.401659975857336
-0.416562601934216,-0.398279122612183
-0.412106981931434,-0.376102346595598
-0.407659528350582,-0.372287761456055
-0.403220123660257,-0.369674143405096
-0.398788651600009,-0.366607511571576
-0.39436499715411,-0.365897652291849
-0.389949046525885,-0.358479544009537
-0.385540687112595,-0.357622635600381
-0.38113980748084,-0.344659478562249
-0.37674629734249,-0.34326844063108
-0.372360047531107,-0.336243985821643
-0.367980949978866,-0.332531106242084
-0.363608897693935,-0.332286208073261
-0.359243784738334,-0.328182362611816
-0.354885506206222,-0.318281032834824
-0.350533958202633,-0.317605325565687
-0.346189037822634,-0.312388245657572
-0.341850643130886,-0.309587298318248
-0.337518673141615,-0.298847574936594
-0.333193027798966,-0.297658606998629
-0.328873607957738,-0.296999420062479
-0.324560315364487,-0.292910493683693
-0.320253052638985,-0.291441910245093
-0.31595172325603,-0.290438484210889
-0.311656231527593,-0.285925051191885
-0.307366482585292,-0.285534608489448
-0.303082382363193,-0.284685971788124
-0.298803837580916,-0.282889594850791
-0.294530755727046,-0.255801214115039
-0.290263045042843,-0.25433813582341
-0.28600061450623,-0.253918114254118
-0.281743373816073,-0.247991335966291
-0.277491233376715,-0.244493155018731
-0.273244104282795,-0.244251433929548
-0.269001898304303,-0.242435884048317
-0.2647645278719,-0.2356550674787
-0.260531906062474,-0.231349334208022
-0.256303946584934,-0.231224504284985
-0.252080563766233,-0.227989674335161
-0.247861672537616,-0.226344195858446
-0.243647188421084,-0.225446094143905
-0.239437027516069,-0.221490327540815
-0.235231106486318,-0.221298228650082
-0.231029342546971,-0.214967850068678
-0.226831653451838,-0.206855657932803
-0.222637957480866,-0.205017426067567
-0.218448173427779,-0.200489201028989
-0.214262220587914,-0.19197396227779
-0.210080018746212,-0.181671948574546
-0.20590148816539,-0.17816335705841
-0.201726549574273,-0.176237112569107
-0.197555124156279,-0.171690114769881
-0.19338713353807,-0.171525655163198
-0.18922249977834,-0.169290317456203
-0.185061145356757,-0.165050056305407
-0.180902993163045,-0.161827461094179
-0.176747966486196,-0.160858223563515
-0.172595989003824,-0.158666475246611
-0.168446984771641,-0.144137280150323
-0.164300878213059,-0.143944994447046
-0.160157594108916,-0.142009316360996
-0.156017057587316,-0.13966740672783
-0.151879194113579,-0.139622609463823
-0.147743929480309,-0.139334578405544
-0.14361118979756,-0.139002941089584
-0.139480901483109,-0.137939355184356
-0.135352991252825,-0.137747607444925
-0.131227386111136,-0.135642851027523
-0.127104013341588,-0.128136777344384
-0.122982800497492,-0.122988676904723
-0.118863675392653,-0.119962695224435
-0.114746566092193,-0.119793319232107
-0.110631400903438,-0.119684074996175
-0.106518108366895,-0.1137387727942
-0.102406617247292,-0.0913895314866464
-0.0982968565246966,-0.086408052588125
-0.094188755385695,-0.0814169580242866
-0.0900822432146406,-0.0804081288993168
-0.0859772495849612,-0.073311055821804
-0.081873704250526,-0.0656673456267673
-0.0777715371370681,-0.0607086047605679
-0.0736706783336614,-0.0574006229088979
-0.0695710580842465,-0.0554079180071343
-0.0654726067792044,-0.0483751007762467
-0.0613752549469771,-0.047831535107533
-0.0572789332457285,-0.0453549487204691
-0.0531835724550457,-0.0433440897565447
-0.0490891034676788,-0.0416207857998963
-0.0449954572813135,-0.040317161796238
-0.0409025649903769,-0.0323387058139039
-0.0368103577778725,-0.0309713956806101
-0.0327187669072425,-0.0264215045279739
-0.0286277237142539,-0.0174789558183666
-0.0245371595989075,-0.0146167003874798
-0.0204470060173661,-0.00634530093045815
-0.0163571944738998,-0.00198193443521721
-0.0122676565128448,0.00243076247755925
-0.00817832371057727,0.0103558847316644
-0.00408912766749366,0.0110024076445774
0,0.0163642694063444
0.00408912766749366,0.0254889651885546
0.00817832371057741,0.028886323808389
0.012267656512845,0.0352605582937022
0.0163571944738996,0.0365291171340085
0.0204470060173661,0.0474565788477421
0.0245371595989075,0.0516489856486204
0.0286277237142539,0.0628277300217056
0.0327187669072425,0.0632443962595128
0.0368103577778726,0.0736440711694134
0.0409025649903767,0.0740933751891242
0.0449954572813134,0.0758615287951196
0.0490891034676788,0.0818376407584416
0.0531835724550457,0.0825588806747579
0.0572789332457285,0.0909792317663816
0.0613752549469773,0.0924034559885363
0.0654726067792046,0.0927470909431662
0.0695710580842464,0.0974025912386918
0.0736706783336614,0.0974772605403154
0.0777715371370681,0.103854132566993
0.081873704250526,0.111302312095903
0.0859772495849613,0.112095567694212
0.0900822432146407,0.12510259860904
0.0941887553856949,0.127138244773278
0.0982968565246965,0.128272961757972
0.102406617247292,0.128857758866563
0.106518108366895,0.137480635186325
0.110631400903438,0.145422911111529
0.114746566092193,0.148062364561514
0.118863675392654,0.149543519451397
0.122982800497492,0.150974173365449
0.127104013341588,0.151449203951675
0.131227386111136,0.152497534764693
0.135352991252825,0.152960543300983
0.139480901483109,0.153393378156127
0.14361118979756,0.154641377722903
0.147743929480309,0.155219449885716
0.151879194113579,0.156269810382356
0.156017057587316,0.159012212365417
0.160157594108916,0.159963505679189
0.164300878213059,0.160114251189766
0.168446984771641,0.161466128799304
0.172595989003824,0.162268566834452
0.176747966486196,0.166065202029765
0.180902993163045,0.168724619729205
0.185061145356757,0.16961206668606
0.18922249977834,0.177767200500173
0.19338713353807,0.179544409386497
0.197555124156279,0.180066174862769
0.201726549574273,0.185015655833354
0.20590148816539,0.186638653064801
0.210080018746212,0.193942664159793
0.214262220587914,0.199291442479015
0.218448173427779,0.199877361047109
0.222637957480866,0.20017788408925
0.226831653451838,0.209516534408935
0.231029342546971,0.21128868702546
0.235231106486318,0.213144425727918
0.239437027516069,0.214158959555206
0.243647188421084,0.216591044806497
0.247861672537617,0.217583517788113
0.252080563766234,0.218653771822956
0.256303946584934,0.225973503422038
0.260531906062474,0.24796027287243
0.2647645278719,0.258338253897275
0.269001898304303,0.266200776597748
0.273244104282795,0.268052185534016
0.277491233376715,0.27589403503664
0.281743373816072,0.280142696786438
0.28600061450623,0.285110229743546
0.290263045042843,0.28690734627002
0.294530755727046,0.288588523464643
0.298803837580916,0.289357567469155
0.303082382363193,0.28951165928829
0.307366482585292,0.292192852048868
0.311656231527593,0.293635629568281
0.31595172325603,0.30462020524545
0.320253052638985,0.317610715283128
0.324560315364487,0.327759979945673
0.328873607957738,0.336984330210604
0.333193027798966,0.337221014369269
0.337518673141615,0.356414473555949
0.341850643130886,0.361185775379831
0.346189037822634,0.361923674440361
0.350533958202633,0.367616868416079
0.354885506206222,0.36962577256848
0.359243784738334,0.370096238169941
0.363608897693936,0.372694818168688
0.367980949978865,0.377871442092702
0.372360047531107,0.384895560775055
0.37674629734249,0.388188252757294
0.38113980748084,0.395660273667106
0.385540687112595,0.400969934419453
0.389949046525886,0.410532255222548
0.39436499715411,0.417531877237756
0.398788651600009,0.420312157492786
0.403220123660257,0.43596926998939
0.407659528350582,0.436142138825691
0.412106981931434,0.437468259394993
0.416562601934217,0.439978402543981
0.421026507188096,0.458752159329471
0.425498817847405,0.461868871047448
0.429979655419666,0.462121029633234
0.434469142794239,0.47589666688968
0.438967404271623,0.491008585214537
0.44347456559343,0.492484668935581
0.447990753973045,0.498553586684045
0.452516098126999,0.504747165394019
0.457050728307073,0.507056102242391
0.461594776333162,0.517683058589673
0.466148375626905,0.51882018420845
0.470711661246128,0.518922687254219
0.475284769920109,0.521217255341012
0.479867840085689,0.522819241182706
0.484461011924269,0.530714969299883
0.489064427399707,0.532119718360744
0.493678230297148,0.536928962216264
0.498302566262821,0.541776188951565
0.502937582844822,0.551022079517407
0.50758342953493,0.560310527814855
0.51224025781147,0.563631686478746
0.516908221183275,0.566643769334289
0.521587475234769,0.570073890203918
0.526278177672216,0.575800125617269
0.530980488371162,0.591754219060793
0.535694569425127,0.60517342313658
0.540420585195562,0.614734321049202
0.545158702363143,0.620031474730087
0.549909089980416,0.621015213445527
0.554671919525866,0.628646531048291
0.559447364959434,0.62964278778052
0.564235602779545,0.636685593590446
0.569036812081697,0.656609953984865
0.573851174618653,0.660647276131852
0.578678874862308,0.669948564740828
0.583520100067275,0.676550682027811
0.588375040336248,0.68499839411027
0.593243888687225,0.69673173699921
0.598126841122625,0.706838569629362
0.603024096700388,0.714053767170658
0.607935857607122,0.716924254517006
0.612862329233366,0.720612148421114
0.61780372025105,0.72347631045496
0.62276024269323,0.725984186665243
0.62773211203617,0.73753009992158
0.632719547283882,0.744632841032934
0.637722771055176,0.745480910773533
0.642742009673359,0.751476107232945
0.647777493258629,0.755961520354392
0.652829455823315,0.758322641865054
0.657898135370031,0.759647324403293
0.662983773992878,0.792619001448879
0.668086617981795,0.796387132950858
0.673206917930193,0.799971645564493
0.678344928845983,0.800311786872464
0.683500910266142,0.802151869076945
0.68867512637495,0.812281379932386
0.693867846126043,0.819060202238048
0.699079343368431,0.821412355433036
0.704309896976639,0.823038763926986
0.709559790985138,0.830123112982629
0.714829314727244,0.849422836518798
0.720118762978643,0.851404811844435
0.725428436105772,0.853440955149874
0.730758640219212,0.865197567560058
0.73610968733233,0.866370480986943
0.741481895525379,0.866688954107784
0.746875589115285,0.867065629753927
0.752291098831362,0.87362226557925
0.75772876199721,0.880376235929462
0.763188922719058,0.899277574156428
0.768671932080836,0.903853950147828
0.77417814834626,0.905251386851387
0.779707937168249,0.906219662480349
0.78526167180599,0.914340162151882
0.790839733349997,0.935540112644947
0.796442510955512,0.955163628584343
0.80207040208465,0.955829229360983
0.807723812757651,0.957123692931374
0.813403157813692,0.957376916357486
0.819108861181678,0.958552228661856
0.824841356161488,0.959276167673711
0.830601085716169,0.982409630435314
0.836388502775588,0.983088917576405
0.842204070552101,0.991660415599514
0.848048262868809,0.992250335501247
0.853921564501024,0.993395174210782
0.859824471531573,0.994453373510238
0.865757491720645,0.997308916725217
0.871721144890897,0.997892971768054
0.877715963328577,0.998561641276682
0.883742492201493,1.01332793105507
0.889801289994675,1.01451886460314
0.89589292896465,1.02100164685329
0.902017995613299,1.02491647408491
0.908177091182316,1.03787578372735
0.914370832169375,1.04117631817584
0.920599850867145,1.04132540535184
0.926864795926412,1.04863809264796
0.93316633294459,1.05187964467494
0.939505145081045,1.05823255094194
0.945881933700704,1.06065520917237
0.952297419047526,1.06076801118744
0.958752340949552,1.06292823125361
0.965247459557299,1.08609537675257
0.971783556117459,1.1021083340663
0.97836143378392,1.10255172576119
0.984981918468344,1.10711764658411
0.991645859732615,1.10877552738085
0.9983541317257,1.11947890253281
1.00510763416759,1.11984440209681
1.01190729338324,1.13712655230579
1.01875406338953,1.13760505705944
1.02564892703872,1.141718765414
1.03259289722173,1.14371518750955
1.03958701813532,1.14751399549336
1.04663236661714,1.15536824080458
1.05373005355317,1.17255876470709
1.06088122536224,1.18350904352753
1.06808706556288,1.18758682150331
1.07534879642807,1.19895315571114
1.08266768073379,1.21205466808932
1.09004502360797,1.21425062986016
1.09748217448683,1.22157429402233
1.10498052918626,1.22300377936387
1.11254153209643,1.22688119709809
1.12016667850862,1.22832476755168
1.12785751708399,1.23417906761272
1.13561565247489,1.27297922129752
1.14344274811015,1.28343038195771
1.15134052915699,1.29094490453649
1.15931078567303,1.29308081180375
1.16735537596363,1.31999696502665
1.17547623016052,1.32839924146389
1.18367535403985,1.34483574446041
1.19195483309914,1.36374929048475
1.20031683691449,1.36451033869256
1.20876362380178,1.36772178693115
1.2172975458077,1.37467059200737
1.22592105405914,1.37528141898619
1.2346367045025,1.37749483286798
1.24344716406764,1.43659419929821
1.25235521729498,1.47460079939666
1.26136377346822,1.47521298391213
1.27047587430019,1.48462275591658
1.27969470222402,1.48515157063363
1.28902358934837,1.48634218519617
1.29846602714168,1.48673925422455
1.30802567691824,1.49240443024055
1.31770638120756,1.49266951688746
1.32751217609818,1.52303279562215
1.33744730465853,1.52714089640244
1.34751623154995,1.55830419250832
1.35772365896215,1.56754805941397
1.36807454401783,1.56772761253241
1.37857411781306,1.5691060583399
1.38922790628212,1.57162924583245
1.40004175310199,1.58113991772361
1.41102184488143,1.58451889480019
1.42217473891523,1.58517530383409
1.43350739382498,1.61868930095731
1.44502720345623,1.62963890530331
1.45674203445819,1.65028389975868
1.46866026803926,1.67539404248161
1.48079084647037,1.71293337253992
1.49314332500257,1.72051977766996
1.50572792997663,1.72698378046537
1.51855562403724,1.72789178617503
1.53163817952515,1.79847065841124
1.54498826131588,1.80477354750046
1.55861952060945,1.8130409035264
1.57254670146457,1.8272270563177
1.5867857622234,1.86253580496153
1.60135401440877,1.87924848460722
1.6162702822153,1.91211109408117
1.63155508638868,1.91439014450725
1.64723085713171,1.91470222314963
1.6633221817423,1.91840016336621
1.67985609404624,1.93982612275235
1.69686241442727,1.96435800973486
1.71437415150735,1.97951983722112
1.73242797946279,2.01495004740619
1.75106480882328,2.02957965887634
1.77033047373251,2.04483459623034
1.79027656554571,2.05578984290246
1.81096145201297,2.06345057180302
1.83245153420098,2.08466001834049
1.8548228113102,2.10755088897033
1.87816284904351,2.14757485738615
1.90257328388544,2.2080609987894
1.9281730494346,2.21896601846452
1.95510259131225,2.24990031387366
1.98352945996203,2.32257212293219
2.01365586288392,2.38443969691365
2.04572906717633,2.42818836956752
2.08005605682323,2.44151825858639
2.11702473281993,2.51817933357495
2.15713552884985,2.5181879769558
2.20105029777072,2.52328347303771
2.24967127040498,2.57207512859336
2.30427559881286,2.76377858250119
2.36676061992111,2.86539751850042
2.44013209241713,3.03267837000783
2.52960040611693,3.27066071998344
2.64551749728629,3.5644698145807
2.8139315955373,3.66034372530457
3.15024761397921,3.83554617108976
