record_id,eid,fitted_log_time,residual
E1_R1_Power,1,-0.15052814184834,-0.191293973106411
E1_R1_Gas,1,1.47443653347259,1.87067138153852
E1_R2_Power,1,0.0200200759035349,-0.21927873417805
E1_R2_Water,1,1.4806339679587,0.0630862382689661
E2_R1_Power,2,-0.114279574962157,1.35277361515748
E2_R1_Water,2,1.346334317093,1.06563677673697
E2_R1_Gas,2,1.51068510035877,1.77413573170457
E2_R2_Water,2,2.60680013067496,0.699866166516378
E2_R3_Water,2,1.83944709537455,-0.0685547718413875
E2_R4_Water,2,1.11086117915845,-1.25600256482812
E2_R5_Water,2,2.84880830210631,0.239403935641314
E2_R6_Water,2,3.35943789091911,0.317749761733364
E2_R7_Water,2,2.17931450175462,-0.846915501673816
E2_R8_Water,2,2.52577145975988,-0.211195263246921
E2_R9_Water,2,1.95014115708295,-0.362561807188083
E2_R10_Water,2,2.1212529945541,-0.147889438967218
E2_R11_Water,2,3.1189629746591,-0.988927876594496
E2_R12_Water,2,2.31090247315354,-0.41606076965429
E2_R14_Water,2,1.87261476574436,-0.594987033050015
E2_R15_Water,2,1.36980532565617,-1.51494671132584
E2_R16_Water,2,1.48981896323811,0.0785409695333801
E2_R17_Water,2,1.3082829920307,0.716411930974033
E2_R18_Water,2,1.21775088962253,-0.193694739577965
E2_R19_Water,2,1.40317109070888,0.172047978338537
E2_R20_Water,2,1.40537896947419,-0.740146095024472
E2_R21_Water,2,1.46551027241201,-0.305585145643592
E2_R22_Water,2,1.50523134293812,-0.51885500349728
E2_R23_Water,2,1.70611016023572,-0.491569534685595
E2_R24_Water,2,2.17686660916409,-1.19049026972325
E2_R25_Water,2,1.59931156236007,-0.612935222919225
E2_R26_Water,2,1.66857926972142,-0.68220293028058
E2_R27_Water,2,1.28227011319422,-1.42741149886389
E2_R28_Water,2,2.32892448971779,-1.34254815027694
E2_R29_Water,2,2.70843735915561,-1.72506224246385
E2_R30_Water,2,1.6325947703142,-1.16371677435597
E2_R31_Water,2,1.40132911649652,-0.414952777055681
E2_R32_Water,2,1.20061134494425,-0.214235005503403
E2_R33_Water,2,1.05633718204003,-0.587459186081806
E2_R34_Water,2,1.60894716405855,-0.622570824617703
E2_R35_Water,2,1.11948075179153,-0.133104412350692
E2_R36_Water,2,1.24206453693692,-1.38720592260659
E3_R1_Power,3,1.93653154665594,-1.42570592288995
E3_R1_Gas,3,3.56149622197687,0.49341749410228
E3_R2_Water,3,3.64490111844234,0.0280667000681079
E3_R3_Water,3,3.37822180180161,0.295163825512087
E3_R4_Water,3,1.8787453492776,1.71258612891531
E3_R5_Water,3,4.05298496163314,-0.0668681979988137
E3_R6_Water,3,4.25660500177061,-0.594715063725686
E3_R7_Water,3,2.85274945898662,0.0389153501720196
E3_R8_Water,3,3.98322554582549,-0.124382952618074
E3_R9_Water,3,3.02231776947983,-1.123561843878
E3_R10_Water,3,4.08427579980749,-0.540890904376354
E5_R1_Power,5,-1.03608743783075,3.15635097403084
E5_R1_Water,5,0.424526454224414,2.85331601683739
E6_R1_Power,6,-0.36413590268324,1.48122146607756
E6_R1_Water,6,1.09647798937192,0.911308818502734
E6_R2_Gas,6,2.11219752770078,0.0590837264576227
E6_R3_Gas,6,2.01917871108061,0.594131661632161
E6_R4_Gas,6,2.55673976918385,-0.0312283676034597
E6_R5_Gas,6,3.02208588152717,-0.543552949065382
E6_R6_Gas,6,1.77710966592455,0.562853841150602
E6_R7_Gas,6,3.02208588152717,-0.432808098374977
E6_R8_Gas,6,1.77710966592455,0.671225817667845
E6_R9_Power,6,1.10769764527776,-0.317193058894039
E6_R10_Power,6,1.51036231164351,-0.745820146980601
E6_R11_Power,6,0.18230046378884,-0.427510703452297
E6_R11_Water,6,1.642914355844,-0.189667501265739
E6_R12_Power,6,-0.0170461458934366,0.259678549791493
E6_R12_Water,6,1.44356774616172,0.685486132433397
E6_R13_Power,6,-0.165935832043059,0.408568235941115
E6_R13_Water,6,1.2946780600121,0.926898273217032
E6_R14_Power,6,0.431073677842541,-1.12622286107316
E6_R14_Water,6,1.8916875698977,-1.69103505641902
E6_R15_Power,6,-0.0593359522331071,-0.635813230997511
E6_R15_Water,6,1.40127793982205,-0.213800438025315
E6_R16_Power,6,-0.43680849688699,-0.963179191364903
E6_R17_Power,6,1.10309597487494,-0.83079755557091
E6_R18_Power,6,0.119721304046101,-0.814870487276719
E6_R19_Power,6,0.564328016542736,0.193417779502925
E6_R20_Power,6,0.152144990407905,-0.847294173638523
E6_R21_Power,6,-0.633105463757325,-0.766882224494568
E6_R22_Power,6,1.09062358856334,-0.874315107921018
E6_R23_Power,6,1.20622474089208,-0.480561968655451
E6_R23_Water,6,2.66683863294724,0.565599073336096
E6_R24_Power,6,0.983853274812429,-0.287987066887286
E6_R24_Water,6,2.44446716686759,0.388342734472019
E6_R25_Power,6,1.02185650376549,-0.193786399210039
E6_R26_Power,6,1.63423405354608,-0.629911513118766
E6_R26_Water,6,3.09484794560124,-0.0733689924736871
E6_R27_Power,6,0.597507335784456,-1.2557701144909
E6_R27_Water,6,2.05812122783962,0.356648651116357
E6_R28_Power,6,-0.224526221884663,1.40391940723621
E6_R28_Water,6,1.2360876701705,0.455929375458951
E6_R29_Power,6,0.187732287633605,1.08341018869918
E6_R29_Water,6,1.64834617968877,1.10823026686831
E6_R30_Power,6,-0.287518965063917,-0.407630218166702
E6_R30_Water,6,1.17309492699124,-0.829930845080459
E6_R31_Power,6,-0.532763376433987,-0.162385806796632
E6_R31_Water,6,0.927850515621174,0.723880309003178
E6_R32_Power,6,-0.564503820996034,-0.835483867255859
E6_R32_Water,6,0.896110071059126,0.93101654200622
E6_R33_Power,6,-0.521687301849745,1.78811364274276
E6_R33_Water,6,0.938926590205416,0.888200022859931
E6_R34_Water,6,1.9227955349292,1.38826735159023
E6_R35_Power,6,-0.970150772746897,1.21278317664495
E6_R36_Power,6,-1.13803285081644,1.68445653698692
E6_R37_Water,6,0.914597308008299,0.912529305057047
E6_R38_Water,6,2.57745942533666,-1.05103052045867
E6_R39_Water,6,2.14587931366718,-0.578693788195711
E6_R40_Water,6,0.371647275989096,0.380806010468257
E6_R41_Water,6,0.601951198143547,0.150502088313806
E6_R42_Water,6,0.421947267546285,0.696173487509868
E6_R43_Water,6,0.608318225542872,1.34697632339408
E6_R44_Water,6,0.497956914775038,-1.17247863121182
E6_R45_Water,6,0.821299484676996,1.39190696561133
E6_R50_Water,6,0.346861971860419,-1.0213836882972
E6_R51_Water,6,0.57338888867291,2.31822653998851
E6_R52_Water,6,0.307195407223387,-0.981717123660168
E6_R53_Water,6,0.493866224472445,-1.16838794090923
E6_R56_Water,6,0.436734480800334,-1.11125619723711
E6_R57_Water,6,0.321412049128538,-0.995933765565318
E6_R59_Water,6,0.367809675603877,-1.04233139204066
E6_R60_Water,6,0.223298496661493,-0.897820213098274
E8_R1_Power,8,-0.699414789084845,-0.408656731533046
E9_R1_Water,9,1.69977155617983,-1.26973579413746
E9_R2_Water,9,2.40710869466332,-2.4150400649896
E9_R4_Power,9,0.0564332128517421,0.318160231589335
E9_R4_Water,9,1.5170471049069,-0.137362777297209
E9_R5_Power,9,-0.620834878457553,0.995428322898631
E9_R6_Power,9,-0.79547628757107,-0.753807702043284
E9_R7_Power,9,1.83213594478913,-2.78539413031353
E9_R7_Water,9,3.29274983684429,-2.29601208343807
E9_R8_Power,9,1.21390999665177,-2.32499980683099
E9_R8_Water,9,2.67452388870693,-2.20898646813981
E9_R9_Water,9,3.359709772153,-1.16999237982661
E9_R10_Water,9,1.71455679788892,-1.7224881682152
E9_R11_Water,9,1.71455679788892,-1.63049142277125
E9_R12_Water,9,1.82638911768018,-1.90047046296946
E9_R13_Water,9,2.42760440839837,-2.3435390332807
E9_R14_Water,9,1.28569208618104,-1.54887668703243
E9_R15_Water,9,0.948315155494922,-1.21149975634632
E10_R1_Power,10,-0.933951954578103,1.80754895254538
E10_R1_Water,10,0.526661937477058,1.86766298541385
E10_R1_Gas,10,0.691012720742826,2.60893252002554
E10_R2_Power,10,-1.00652360415634,2.04111262353722
E10_R2_Water,10,0.454090287898823,2.14859939754556
E10_R2_Gas,10,0.618441071164592,3.00700466010236
E10_R3_Power,10,-0.901928582540264,-0.626390278609045
E10_R3_Water,10,0.558685309514897,-0.590109925634069
E10_R3_Gas,10,0.723036092780665,-0.772156311412079
E10_R4_Power,10,-0.837522522532486,-0.100758227233284
E10_R4_Water,10,0.623091369522675,0.00389375045025853
E10_R4_Gas,10,0.787442152788443,0.190131807502611
E10_R5_Power,10,-1.03502517157945,-0.493293689569858
E10_R5_Water,10,0.42558872047571,-0.470429194948864
E11_R1_Gas,11,1.18693865536376,-1.18254830706246
E11_R2_Power,11,-0.420937222813778,-0.834919655285139
E11_R2_Water,11,1.03967666924138,1.40911604081556
E11_R3_Power,11,-0.267631640073735,-0.948594083745961
E11_R3_Water,11,1.19298225198143,1.36049030947228
E11_R4_Power,11,-0.345493021336923,-1.0042980764561
E11_R4_Water,11,1.11512087071824,1.42385661479134
E11_R5_Water,11,2.29189912691626,0.216886796661684
E11_R6_Water,11,1.77118338562446,2.17200489796182
E11_R7_Water,11,2.53253596180977,-1.52202209929306
E11_R9_Water,11,0.781722086540378,-2.12918042387507
E11_R10_Water,11,0.666950598373292,1.73656521319919
E12_R1_Power,12,-0.927699523196008,1.4000753365868
E12_R1_Water,12,0.532914368859152,0.66737654445189
E12_R2_Power,12,-1.18685004866628,1.85047795424426
E12_R2_Water,12,0.27376384338888,0.801799166573852
E12_R3_Power,12,-1.2484269031629,0.400262000336341
E12_R3_Water,12,0.212186988892265,-0.456809571883599
E12_R4_Power,12,-1.34005591920233,1.09594406145192
E12_R4_Water,12,0.120557972852834,-0.365180555844168
E12_R5_Power,12,-1.43816473910993,1.20963169051128
E12_R5_Water,12,0.022449152945228,-0.267071735936562
E12_R6_Power,12,-1.42456857154159,1.20379720437244
E12_R6_Water,12,0.0360453205135689,0.258786134091424
E12_R7_Power,12,-1.46639689859998,1.27886177475314
E12_R7_Water,12,-0.00578300654481656,0.300614461149809
E12_R8_Power,12,-1.4746762931071,1.30115589226622
E12_R8_Water,12,-0.0140624010519443,-0.23056018193939
E12_R9_Power,12,-1.34793577739182,1.21257413946114
E12_R9_Water,12,0.112678114663341,-0.357300697654675
E12_R10_Power,12,-1.53789199644518,1.44292175885396
E12_R10_Water,12,-0.0772781043900221,-0.167344478601312
E12_R11_Power,12,-1.4563480034991,1.37437844063185
E12_R11_Water,12,0.00426588855606425,-0.248888471547398
E12_R12_Power,12,-1.58125785901757,1.52701284416517
E12_R12_Water,12,-0.120643966962405,-0.123978616028929
E12_R13_Power,12,-1.26116878631654,1.58982484173775
E12_R13_Water,12,0.199445105738617,-0.444067688729951
E12_R14_Power,12,-1.35866922955567,1.76193191410863
E12_R14_Water,12,0.101944662499496,1.09433865334206
E12_R15_Power,12,-1.4562323902177,1.85996266103215
E12_R15_Water,12,0.00438150183746311,1.13241463784179
E12_R16_Power,12,-1.38607652366255,1.79307379074879
E12_R16_Water,12,0.0745373683926072,1.12174594744895
E12_R17_Power,12,-1.5513766191227,1.96348626994954
E12_R17_Water,12,-0.0907627270675424,0.910542558560854
E12_R18_Power,12,-1.51645378218579,1.94361514837572
E12_R18_Water,12,-0.0558398901306318,0.0448800498942898
E12_R19_Power,12,-1.55764616760222,2.0096131093618
E12_R19_Water,12,-0.0970322755470552,-0.147590307444279
E12_R20_Power,12,-1.49152149019744,1.95569566111962
E12_R20_Water,12,-0.0309075981422795,1.12791860544342
E12_R21_Power,12,-1.55388669827905,2.02063503480411
E12_R21_Water,12,-0.0932728062238868,1.28955612206544
E12_R22_Power,12,-0.757859387998852,1.22467042634542
E12_R22_Water,12,0.702754504056308,-0.947377087047642
E12_R23_Power,12,-0.575840502555686,1.04678119262276
E12_R23_Water,12,0.884773389499474,-1.12939597249081
E12_R24_Power,12,-1.03144877276202,1.51929232013609
E12_R24_Water,12,0.429165119293136,-0.67378770228447
E12_R25_Power,12,-1.52739698923414,2.01438063851456
E12_R25_Water,12,-0.0667830971789776,1.26306641302053
E12_R26_Power,12,-1.56532694630396,2.0528020564617
E12_R26_Water,12,-0.104713054248803,1.30099637009036
E12_R27_Power,12,-1.46385651566425,1.95243653048292
E12_R28_Power,12,-1.29402434314116,1.78707288680447
E12_R29_Power,12,-1.25278120302612,1.74814795172956
E12_R29_Water,12,0.207832689029043,-0.452455272020377
E12_R30_Power,12,-1.23447041025792,1.73239314866838
E12_R30_Water,12,0.226143481797245,0.593636349696066
E12_R31_Power,12,-1.22756398979482,1.72548672820529
E12_R31_Water,12,0.233049902260339,0.957515504700569
E12_R32_Power,12,-1.31587671219066,1.83490857250375
E12_R32_Water,12,0.1447371798645,1.05154613597706
E12_R33_Power,12,-1.38692234813111,1.90761909169236
E12_R34_Power,12,-0.63789271091318,1.20280871357604
E12_R34_Water,12,0.82272118114198,-1.06734376413331
E12_R35_Power,12,-0.991195597308634,1.55730454469786
E12_R35_Water,12,0.469418294746527,0.362220302289521
E12_R36_Power,12,0.40509263707979,0.182694027822329
E12_R36_Water,12,1.86570652913495,1.16348013131664
E12_R37_Power,12,-1.08283627986638,1.72957296260367
E12_R37_Water,12,0.377777612188776,0.442002219304535
E12_R38_Power,12,-1.51185636781982,2.21212810832206
E12_R38_Water,12,-0.0512424757646586,-0.193380107226675
E12_R39_Power,12,-0.917352464199068,1.67488190368828
E12_R39_Water,12,0.543261427856092,0.653021887985463
E12_R40_Power,12,0.46870745394541,0.381101536627912
E12_R40_Water,12,1.92932134600057,0.643093934069152
E12_R41_Power,12,-0.977020644450088,1.93437654127617
E12_R41_Water,12,0.483593247605072,1.88573539986888
E12_R42_Power,12,-0.748056586579993,1.71157435681683
E12_R42_Water,12,0.712557305475167,0.910033724203846
E12_R43_Power,12,-0.0803660187917501,1.73767939146688
E12_R43_Water,12,1.38024787326341,0.241756457157193
E12_R44_Water,12,0.0683978431940835,-0.313020426185417
E12_R45_Water,12,0.00508634932940066,-0.249708932320735
E12_R46_Water,12,-0.094810881754696,-0.149811701236638
E12_R47_Water,12,-0.143729914547905,-0.100892668443429
E12_R48_Water,12,0.195107899889538,1.00117541595202
E13_R1_Water,13,0.484207677042838,0.946023821497453
E13_R1_Gas,13,0.648558460308606,0.0166006837111703
E13_R2_Water,13,0.43342494295232,1.78534499549383
E13_R2_Gas,13,0.597775726218088,0.396068463871133
E13_R3_Water,13,0.449009266989954,2.72459557872224
E13_R3_Gas,13,0.613360050255723,0.475942369086609
E13_R4_Power,13,1.54677183569737,2.50097016780072
E13_R4_Water,13,3.00738572775253,0.862392169560126
E13_R4_Gas,13,3.1717365110183,-2.08243409167596
E13_R5_Water,13,0.782898881158174,0.28795645408166
E13_R5_Gas,13,0.947249664423943,0.420244067232231
E13_R6_Power,13,1.47672636259988,1.92595227440288
E13_R6_Water,13,2.93734025465504,2.08710898988617
E13_R6_Gas,13,3.10169103792081,-1.73419730626464
E13_R7_Power,13,-0.0203721330755344,3.31872435144551
E13_R7_Water,13,1.44024175897963,2.95291193129713
E13_R8_Power,13,-1.35738404746182,0.80351940646677
E13_R9_Power,13,-1.27594589749993,1.25165320493089
E13_R9_Water,13,0.184667994555229,0.253679098027528
E13_R10_Power,13,-1.27671408868178,1.70596082545475
E13_R10_Water,13,0.183899803373378,1.4011730688996
E13_R11_Power,13,-1.41676926530659,0.858502566940463
E13_R11_Water,13,0.0438446267485706,-0.0678299894990819
E13_R12_Power,13,1.85007619917329,1.79358715074838
E13_R12_Water,13,3.31069009122845,1.62140691853732
E13_R13_Power,13,1.04251271381298,1.4983769657432
E13_R13_Water,13,2.50312660586814,2.01073538169493
E13_R14_Power,13,1.53570762049143,0.901792906899297
E13_R14_Water,13,2.99632151254659,1.03492442705884
E13_R15_Power,13,0.404838240407374,0.610691701406624
E13_R15_Water,13,1.86545213246254,2.50127049095147
E13_R16_Power,13,-1.25976068462189,-0.842335547622748
E13_R16_Water,13,0.200853207433267,0.240943829922288
E13_R17_Power,13,-0.919942135834352,-1.18215409641029
E13_R17_Water,13,0.540671756220808,0.508560761504262
E13_R18_Power,13,-0.144567010427628,3.02220244909541
E13_R18_Water,13,1.31604688162753,1.42945506966776
E13_R19_Water,13,0.0754097794140232,-0.187794910008814
E13_R20_Water,13,0.0251162188042666,-0.137501349399057
E13_R21_Water,13,0.125780797195889,0.477527636505209
E13_R22_Water,13,0.103734020115524,-0.216119150710315
E13_R23_Water,13,-0.0541285320247584,0.48582977632476
E13_R24_Water,13,0.373669081099955,0.283528713613853
E13_R25_Water,13,-0.13150411871769,1.15657750405093
E13_R26_Water,13,0.622465536980888,0.635809812407645
E13_R27_Water,13,0.851182784146299,1.63585711054149
E13_R28_Water,13,0.481964446220231,0.453854365461469
E13_R29_Water,13,0.236168511134136,2.0236552079586
E13_R30_Water,13,0.53300489287686,0.53530034051437
E13_R31_Water,13,1.22101625154833,1.21158782276945
E13_R32_Water,13,0.325619954813388,0.945796521609569
E13_R33_Water,13,0.148530001140973,0.227300301837501
E13_R34_Water,13,0.175664737027264,0.200165565951209
E13_R35_Water,13,0.0676186825349894,-0.0750486259695477
E13_R36_Water,13,-0.263473310951728,-0.0330477101672572
E13_R37_Water,13,-0.0417331254999955,-0.25478789561899
E13_R38_Water,13,-0.263285649133809,0.705082686489363
E13_R39_Water,13,-0.0883314460710822,-0.208189575047903
E14_R1_Power,14,-1.2928290240758,-1.89164537407506
E14_R2_Power,14,-0.815433290042986,-1.16010698197895
E14_R3_Power,14,-0.853573974663552,-0.558935971073935
E14_R4_Power,14,-1.46573202071117,-1.32787606875269
E14_R5_Power,14,-0.826902906592925,-2.09186832582494
E14_R5_Water,14,0.633710985462236,-0.229129601056194
E14_R6_Water,14,0.609173290622821,-1.28881212115797
E14_R7_Water,14,0.886630672711725,-1.25665056826079
E14_R8_Water,14,1.04239696892858,0.17241685857523
E14_R9_Water,14,0.779883734118935,-1.15632416318648
E14_R10_Water,14,0.606951766611406,-0.433082496632435
E14_R11_Water,14,0.365849162503036,-0.252877683843874
E14_R12_Water,14,0.665966847961504,-0.231201870808478
E14_R13_Water,14,0.703437830514436,-0.26867285336141
E14_R14_Water,14,0.661194609785577,-0.226429632632551
E14_R15_Water,14,0.619889367912511,-0.458261680523446
E14_R16_Water,14,0.816189657757819,-1.19263008682537
E14_R17_Water,14,0.34751961267835,1.25247384092775
E14_R18_Water,14,1.27182138138826,0.328172072217845
E14_R19_Water,14,0.785985455812061,-0.351220478659034
E14_R20_Water,14,0.230965427940559,-1.74691299728732
E14_R21_Water,14,0.239102188416074,-1.75504975776284
E14_R22_Water,14,0.280413891427713,0.0703838153381438
E15_R1_Power,15,-0.529167658306463,-0.383629184313436
E15_R1_Water,15,0.931446233748697,-0.541297829752426
E15_R2_Power,15,-1.13471340415501,0.307653471761506
E15_R3_Power,15,-1.29699238833626,0.141809748179753
E15_R4_Power,15,-1.51652062143081,-0.872712278288906
E15_R5_Power,15,-1.18303963361106,-1.20517868705153
E15_R6_Power,15,-0.499863168468275,-0.52326371606802
E15_R7_Power,15,-1.36022007391453,0.738835259581478
E15_R8_Power,15,-0.933528984676935,0.264174361202699
E15_R9_Power,15,-1.51359494430679,-0.875637955412926
E15_R10_Power,15,-0.734237511424354,-0.618235301220025
E15_R10_Water,15,0.726376380630806,-0.388333948840076
E15_R11_Water,15,0.688752554575218,0.756656318050925
E15_R12_Water,15,0.934127843000526,-0.724677618818319
E15_R13_Water,15,0.739396824551958,-0.349248420555687
E15_R14_Water,15,0.358849578059002,-0.149399353876795
E15_R15_Water,15,0.949658611847012,-0.740208387664805
E15_R16_Water,15,1.64057328047501,-0.806621223324046
E15_R17_Water,15,1.2221185047662,-0.831970100769929
E15_R18_Water,15,1.12055397530833,-1.80931080756698
E15_R19_Water,15,0.592828031234394,0.857030819115661
E15_R20_Water,15,1.20209390575364,0.253821177634712
E15_R21_Water,15,0.701554397070978,0.132397660079988
E15_R22_Water,15,0.82072107056885,0.543452303660979
E15_R23_Water,15,0.850903843167808,0.605821662277959
E15_R24_Water,15,1.09948451441899,-0.890034290236786
E15_R25_Water,15,0.989501549931808,-0.599353145935537
E15_R28_Water,15,1.14655206314758,-0.756403659151311
E15_R29_Water,15,1.55234821614521,0.100538283340087
E15_R30_Water,15,0.940587532811511,-0.550819104889404
E16_R1_Power,16,0.953397554433486,-0.903130353751892
E16_R1_Water,16,2.41401144648865,-1.25086063668297
E16_R1_Gas,16,2.57836222975442,0.234260467815135
E16_R2_Power,16,0.68144067925705,-0.738779672060245
E17_R1_Power,17,0.671594144288887,-1.29110112741165
E17_R1_Water,17,2.13220803634405,-0.694663485213863
E17_R1_Gas,17,2.29655881960982,0.558106349871084
E17_R2_Power,17,0.286581486480679,-1.54017758007631
E18_R1_Water,18,1.23366423208974,0.134060218735996
E18_R1_Gas,18,1.39801501535551,-0.810228350453394
E18_R2_Power,18,-0.219198060340311,0.451023812037355
E18_R2_Water,18,1.24141583171485,0.941709821241868
E18_R3_Power,18,-0.19657503745356,0.428400789150604
E18_R3_Water,18,1.2640388546016,0.936591029202666
E18_R4_Water,18,1.42732362537013,0.377932812278541
E18_R5_Water,18,1.29625158415434,0.904378299649931
E19_R1_Water,19,1.58958478661893,-0.559965369437771
E20_R1_Power,20,-0.292463218064039,-0.373726442527402
E21_R1_Power,21,-1.27284353529176,-4.35397789822831
E22_R1_Power,22,-0.46786862953409,0.0809732677401166
E22_R5_Power,22,-0.516593507602203,-0.0650122982248348
E22_R5_Water,22,0.944020384452958,0.760727707785468
E23_R1_Gas,23,1.3342174629395,-2.49226133537704
E23_R2_Power,23,-0.606168623306203,-1.81182732119917
E24_R1_Power,24,0.176606625401777,-2.83729625514415
E24_R1_Water,24,1.63722051745694,-1.46964395895531
E24_R1_Gas,24,1.80157130072271,0.00759712268768675
E24_R2_Power,24,0.10337764011947,-2.28640349805588
E24_R2_Gas,24,1.7283423154404,0.0995163981782139
E24_R3_Power,24,0.0660731593017186,-2.72676278904409
E24_R3_Gas,24,1.69103783462265,0.137261554576348
E24_R4_Power,24,-0.110543777142851,-2.54098426479035
E24_R4_Water,24,1.35007011491231,-1.85889773601563
E24_R4_Gas,24,1.51442089817808,0.222226977452231
E24_R5_Power,24,-0.358182054554117,-2.30250757518826
E24_R6_Power,24,-0.599616544200629,-2.06107308554174
E24_R7_Power,24,-0.341130310423708,-2.31955931931866
E24_R7_Water,24,1.11948358163145,-0.862286490192391
E24_R8_Power,24,-0.95102818597779,-1.70966144376458
E24_R9_Power,24,-0.642185145555947,-1.54084071238046
E25_R1_Gas,25,0.656256869592159,-1.50793095838034
E25_R2_Water,25,1.20594664259353,-1.12169741014863
E25_R3_Water,25,1.12499708522709,-1.04074785278219
E25_R4_Water,25,0.356887888186046,-2.26405820892543
E25_R5_Water,25,0.32771984767065,-2.23489016841003
E25_R6_Water,25,0.466100570280961,-1.50286545562299
E25_R7_Water,25,0.359629425659758,-1.39639431100179
E26_R2_Power,26,0.158747366680525,0.0780623753974994
E26_R2_Water,26,1.61936125873569,0.193670345767909
E27_R1_Power,27,-1.01869823775101,-0.277389855482728
E27_R1_Water,27,0.441915654304147,-0.547276169961973
E27_R2_Water,27,-0.283031591202151,0.924885477374546
E27_R3_Water,27,0.299895353923136,-1.59598344715688
E28_R2_Water,28,0.390413363030847,-0.172081368713859
E28_R3_Water,28,0.565449617717173,-0.347117623400185
E28_R5_Water,28,0.351813024589318,-1.52428716185588
E29_R1_Power,29,-1.12703638339146,-0.0537007208937998
E29_R1_Water,29,0.333577508663705,-0.868183661095099
E29_R2_Power,29,-1.27562186094035,-1.21564217456473
E29_R2_Water,29,0.184992031114811,-0.719598183546205
E29_R2_Gas,29,0.349342814380579,-1.05800980659856
E29_R3_Power,29,-0.748095493200244,-0.0624847842517967
E29_R3_Water,29,0.712518398854916,-1.24712455128631
E29_R4_Power,29,-1.10988346040332,-1.14105839943888
E30_R1_Water,30,0.251194922685738,0.335285333680681
E31_R1_Power,31,-0.938885303515754,-1.24591675382191
E31_R1_Water,31,0.521728588539407,0.379209718332064
E32_R1_Power,32,-0.814495955043392,-1.08062602717982
E32_R1_Water,32,0.646117937011768,-2.10240566995219
E33_R1_Power,33,-1.117847417761,-1.19478801108655
E33_R1_Gas,33,0.507117257559927,-2.0821537432767
E34_R1_Power,34,-1.00152680801915,-1.02798236491248
E34_R1_Water,34,0.45908708403601,0.468077826446041
E34_R1_Gas,34,0.623437867301778,0.369813905708505
E34_R2_Water,34,1.23568996036522,-0.308515277926728
E34_R3_Water,34,0.905823202498564,0.0172445136546148
E34_R4_Water,34,1.063395185346,-1.30801776833733
E34_R5_Water,34,0.504375883380116,-0.748998466371449
E34_R6_Water,34,0.814659882478263,-1.0592824654696
E34_R7_Water,34,0.477699911834865,-0.722322494826199
E35_R1_Gas,35,0.505816993309059,-1.9855432992215
E35_R2_Power,35,-1.06400953290958,0.956252986668525
E35_R2_Water,35,0.396604359145585,2.54822123258309
E35_R3_Water,35,0.27417759189707,-1.20634367292952
E35_R4_Water,35,0.503705547225217,1.21020790115236
E35_R5_Water,35,0.465456919430581,2.48926201164044
E35_R6_Water,35,0.334911366055175,1.95271043849905
E35_R7_Water,35,0.511117512601688,1.16609119155065
E35_R8_Water,35,0.351348731272727,0.424621902486331
E35_R9_Water,35,0.215407676701132,0.253845671153899
E35_R10_Water,35,0.492283465607548,-0.0230301177525161
E36_R1_Power,36,-1.07724074674529,-1.776991964535
E37_R1_Gas,37,0.753065580930794,-1.41529565885602
E39_R1_Power,39,-0.672545884891507,0.549021398606009
E39_R1_Water,39,0.788068007163654,-0.406076255241132
E39_R2_Power,39,-0.090331550383858,-0.0331929359016395
E39_R2_Water,39,1.3702823416713,0.439606661694059
E39_R3_Power,39,-0.600023910488366,0.476499424202869
E39_R3_Water,39,0.860589981566794,-0.478598229644272
E39_R4_Power,39,-0.623800580263031,0.500276093977534
E40_R1_Water,40,0.689887772401703,-2.07898606085433
E41_R1_Power,41,-0.836725979761394,-1.34807607757627
E41_R2_Water,41,0.583050281008567,0.486236178277714
E42_R1_Water,42,1.26464931826867,-1.24337718299313
E42_R2_Water,42,0.708776872419368,-0.984925709057476
E42_R3_Water,42,0.873926589744909,-1.15007542638302
E42_R4_Power,42,-0.565845851121136,-0.84146787722283
E43_R1_Power,43,-0.650996960386432,-2.57792920033527
E43_R2_Water,43,0.892898462689428,-2.27839314363875
E44_R1_Power,44,-0.66215751542305,-3.78600892175538
E45_R1_Water,45,1.10757161073041,0.808482977769251
E45_R2_Power,45,-0.622644734518897,-2.0864059669169
E46_R1_Gas,46,1.00381340621185,-1.39021145160279
E46_R2_Power,46,-0.659543011227593,0.513360501049512
E47_R1_Gas,47,0.860239456793364,0.0991107645412385
E47_R2_Water,47,1.70738530410508,1.22302414082261
E47_R2_Gas,47,1.87173608737085,-2.47467700004465
E47_R4_Power,47,-0.608283576810898,-1.9050225474988
E47_R5_Water,47,1.56662508882959,-0.580062303970108
E48_R1_Gas,48,1.65879170187499,-0.644104648144644
E48_R2_Gas,48,1.09591931349473,-0.0812322597643775
E48_R6_Power,48,-0.331585552964965,-1.65109232028256
E49_R1_Power,49,0.283639371247879,-2.89003591862359
E49_R2_Power,49,-0.125539284419902,-2.48085726295581
E49_R3_Power,49,-0.49693274418297,-1.70399869508458
E49_R4_Power,49,-0.0237129792637039,-2.58268356811201
E49_R5_Power,49,-0.119059683382407,-2.4873368639933
E50_R1_Water,50,1.38713867184208,-0.856878849578075
E53_R1_Power,53,-1.09085085864955,-1.34755395748703
E54_R1_Power,54,-0.625661123500433,-0.10355744882117
E55_R1_Power,55,-1.25432949649226,-1.31031819219016
E57_R1_Gas,57,1.71710832658,0.374755735098392
E57_R3_Water,57,3.33753610153518,-3.33753610153518
E58_R1_Power,58,-1.04191095461302,1.04063741673508
E59_R1_Power,59,0.114440001217459,1.20731583876486
E59_R1_Water,59,1.57505389327262,1.74182873973404
E62_R1_Power,62,0.454292833119687,1.3862568002778
E62_R1_Water,62,1.91490672517485,0.618790088782584
E62_R2_Power,62,0.789843734990931,1.93800909340746
E62_R3_Power,62,0.348288402870374,0.64496337013991
E62_R3_Water,62,1.80890229492553,0.388322282410685
E63_R1_Power,63,0.0177902120554751,-0.123150727713301
E64_R1_Power,64,0.0649826842069843,2.18921417388349
E64_R1_Water,64,1.52559657626214,1.12104499671142
E64_R2_Gas,64,2.12394682012704,0.948746494563077
E64_R4_Water,64,2.36457934368807,0.748935965522302
E64_R6_Water,64,2.54694888734099,1.53734533902761
E65_R1_Water,65,-0.440014533824912,2.16278113156602
E65_R3_Water,65,1.87130128938338,-0.367223892607107
E65_R4_Power,65,-1.22079893912025,2.5636081883004
E65_R4_Water,65,0.239814952934915,1.55194451629314
E65_R5_Water,65,1.54652555731261,-0.0424481605363394
E66_R2_Power,66,-0.696242317387616,0.375210265254281
E66_R3_Water,66,1.42733680810967,-0.646041397023036
E68_R1_Power,68,1.31590279390191,1.21779402005553
E70_R1_Power,70,-1.2390906126183,1.24187227588323
E70_R1_Water,70,0.221523279436859,-1.33368305890486
E70_R2_Gas,70,0.241893443761975,0.175500235211463
E71_R1_Power,71,-1.66174989223108,0.515102154524416
E71_R2_Power,71,-1.48849004771792,0.33044617528038
E71_R3_Power,71,-1.73631021653042,0.812239297337301
E71_R4_Power,71,-1.66711316434374,1.24567110171244
E71_R5_Power,71,-1.56790234746,0.484375696209935
E71_R6_Power,71,-1.39436519761823,0.552950000389179
E71_R7_Power,71,-1.6622724667593,1.24083040412799
E71_R8_Power,71,-1.64623763268927,0.499589894982601
E71_R9_Power,71,-1.60852567466602,0.453343034509514
E71_R10_Power,71,-1.44652629858101,0.288482426143472
E71_R11_Power,71,-1.35102514258474,0.19584250242824
E71_R12_Water,71,0.778207539017981,-0.142107013837312
E71_R13_Water,71,0.561598240659826,0.464120722487959
E74_R1_Power,74,-0.252837020601251,0.170526731932752
E74_R1_Gas,74,1.37212765471968,-0.609967602872779
E75_R1_Water,75,0.70074489281733,1.68486614587509
E76_R1_Power,76,-0.903722442286498,0.721000805471204
E78_R1_Power,78,0.576929943208365,1.62029463412786
E79_R1_Power,79,-0.94543932489427,1.09349628771413
E80_R1_Water,80,1.59796056965792,-0.374508719794499
E80_R3_Power,80,-0.393743644028346,-0.416959325283243
E80_R4_Power,80,-0.362253965544635,-0.448449003766955
E80_R5_Power,80,-0.176123058938287,-0.572059553391969
E80_R6_Power,80,-0.347732044389797,-0.442562053290586
E80_R8_Power,80,-0.375303248388978,-0.435399720922612
E81_R1_Power,81,-0.534167645938667,-0.219560679121996
E81_R2_Power,81,-0.525983959416923,-0.259905272841637
E81_R3_Power,81,-0.385692448596915,-0.307788120864268
E81_R4_Power,81,-0.578259587497974,-0.710335106420211
E81_R5_Power,81,-0.597181044571205,-0.223474884869578
E81_R6_Power,81,-0.452983121772989,-0.297570181322747
E83_R1_Gas,83,1.70898878571373,0.488235791622489
E84_R1_Power,84,-1.59119343149162,0.180196457731354
E84_R2_Power,84,-1.21222584810217,0.198753621387978
E84_R3_Power,84,-1.5361838495662,0.835004497308993
E84_R4_Power,84,-1.15030568884892,0.44912633659171
E84_R5_Power,84,-1.47988960179672,-1.20249285255692
E84_R6_Power,84,-1.32996420577697,0.292542276110808
E84_R6_Water,84,0.130649686278187,-0.147144988807385
E84_R7_Power,84,-1.42017511139728,0.405741076287931
E84_R7_Water,84,0.0404387806578816,-0.101080902627443
E84_R8_Power,84,-1.51337169047233,0.123470833758327
E84_R8_Water,84,-0.0527577984171683,-0.669911821409099
E84_R9_Water,84,0.0595614067521935,-0.04767236235978
E84_R10_Water,84,0.424790885346844,-0.99625154765019
E84_R11_Water,84,-0.110264421732405,-0.461196240570941
E84_R12_Water,84,0.0693383995570558,-0.835056272951837
E85_R5_Water,85,-0.224573001189118,-0.395881493977387
E88_R1_Power,88,-1.56777848102069,-3.49942716456396
E89_R1_Power,89,-0.390716514339377,-1.44624954772676
E90_R1_Power,90,-1.04040803545934,1.54154689363579
E91_R1_Power,91,-1.39977317727295,-2.35524607934553
E91_R3_Power,91,-1.38662466932319,-2.36839458729529
E92_R1_Power,92,-0.426575970005985,1.1679417228364
E93_R1_Power,93,-0.846662175122118,-0.605771988502317
E94_R1_Power,94,-0.122716392686414,-2.18086920064122
E94_R2_Power,94,-0.649206291171767,-0.117802737986634
E94_R3_Power,94,0.562871748224733,-1.547709022634
E94_R4_Power,94,-0.585177940460111,-0.181831088698289
E95_R1_Power,95,-0.696417085659188,-0.536695413244592
E96_R1_Power,96,-1.28238724705787,1.83799501359576
E97_R1_Water,97,0.226791426351551,1.41270978697129
E98_R2_Water,98,1.13012479741325,0.756944851619125
E98_R4_Water,98,0.489341087160815,1.80319366997973
E98_R5_Power,98,-0.427243362983987,2.57040071904993
E98_R7_Water,98,0.584213857841449,1.70832089929909
E99_R1_Power,99,0.0217499319077637,2.07011412977063
E99_R2_Power,99,0.644018703514502,1.53122696710294
E100_R1_Power,100,-0.323622499963374,0.666294397336101
E100_R6_Power,100,-0.599030684006967,-2.85873704914358
E100_R7_Power,100,-0.576485591954761,-2.88128214119579
E100_R9_Power,100,-0.443742852804797,-2.05851343531832
E101_R2_Power,101,1.55064736536896,-0.962860700466843
E102_R3_Water,102,3.39631072414557,-1.55576109074808
E107_R1_Power,107,-0.143935615706687,3.84523758981918
E108_R1_Power,108,2.23221743466812,-0.0349928573318969
E108_R1_Water,108,3.69283132672328,-0.396994460718948
E110_R1_Power,110,1.13318982055216,-0.0345775318840513
E112_R1_Power,112,1.22896000986399,-0.641173344961874
E113_R1_Power,113,1.26884139472944,0.928383182606779
E113_R2_Power,113,0.656589394262899,1.02980955930733
E113_R2_Water,113,2.11720328631806,0.0800212910181601
E114_R1_Power,114,0.747681124525168,-1.72771069736633
E114_R1_Water,114,2.20829501658033,-2.92799153237381
E116_R1_Power,116,-0.394427001979562,-3.18470158817525
E117_R2_Water,117,0.99510166248137,-1.43873603670704
E119_R1_Power,118,0.796340759029381,-1.0880308528787
E120_R1_Power,119,-0.646606158418191,1.08763144192491
E121_R1_Water,120,0.646580203860359,-1.54159880045897
E124_R1_Power,122,0.331933773203171,-0.442685137495874
E124_R2_Water,122,1.94494860243162,-2.09008998810129
E126_R1_Water,123,1.61120064226206,-0.707144448056247
E126_R2_Power,123,0.746613836714027,0.157442357491786
E127_R1_Power,124,-0.29088087119285,-2.04940608898521
E128_R1_Power,125,-0.1878746763955,-1.99692738094216
E130_R1_Power,127,-0.884355847982227,0.326438616682386
E131_R1_Power,128,-0.592177395307508,-5.32232611066435
E135_R1_Power,132,-1.191382813587,-0.111305963678096
E136_R1_Power,133,0.293373053364094,-2.38650792217593
E136_R2_Power,133,0.203017262842033,-2.29615213165387
E137_R1_Power,134,0.659423873831854,-0.020343914542184
E137_R1_Water,134,2.12003776588701,-1.5322511009849
E139_R1_Power,136,-0.951577312863812,0.846216797205986
E140_R1_Water,137,1.24267150437815,-0.343364177544412
E140_R2_Water,137,1.19135214325994,-2.11542306245306
E141_R1_Power,138,0.0372617827320342,0.0589570750085087
E141_R1_Water,138,1.49787567478719,0.342673958610292
E141_R2_Power,138,-0.0689572225993581,0.682880804368916
E144_R1_Power,141,-0.200039965074943,-0.868617324832969
E144_R2_Power,141,-0.154394226938674,-1.99994862291428
E148_R1_Power,145,0.458289156900247,-0.276217631361502
E148_R2_Power,145,0.344031534001321,0.687478951126053
E149_R1_Power,145,-1.22349624574087,-3.15056221928384
E150_R3_Water,145,2.47876862873834,0.460393293327254
E152_R1_Power,146,-0.156536779781143,-0.970474983408664
E152_R2_Power,146,-0.34909750014789,-0.777914263041917
E154_R1_Power,146,-1.36212260227414,-1.91332357408245
E156_R1_Power,149,0.963841787818682,1.31854059785785
E156_R4_Power,149,0.699355123593167,-0.804715639250994
E156_R5_Power,149,0.697346022348916,1.17445615455268
E156_R6_Power,149,1.27126583708684,0.86880032640943
E156_R7_Power,149,0.487691990473493,1.52721103006877
E156_R8_Power,149,0.358033173984186,0.970367208716802
E156_R11_Power,149,0.119534564603942,1.42091047634321
E156_R12_Power,149,1.0285983147588,0.986304705783468
E156_R13_Power,149,0.720357034940325,0.335695639308988
E156_R15_Power,149,0.634460919874794,1.2373412570268
E156_R16_Power,149,0.0418565083096492,1.29314455842269
E156_R17_Power,149,0.926531156321664,1.0883718642206
E156_R18_Power,149,0.171560356426262,1.29477671236716
E156_R19_Power,149,-0.0888069752666708,1.16721655661726
E156_R20_Power,149,0.838971270139739,0.10363677005179
E156_R21_Power,149,-0.141279136306001,1.18508318847912
E156_R22_Power,149,0.94583048657678,0.232824509764866
E156_R23_Power,149,1.71962734739271,0.35981419428713
E156_R24_Power,149,0.434451023690721,0.657852095784124
E156_R25_Power,149,1.52678189649797,0.855845904169609
E156_R26_Power,149,1.29492979238339,0.409818299855033
E157_R1_Water,150,1.32060991263948,1.40849369766056
E157_R4_Power,150,-0.135036833138557,1.52133119425845
E157_R6_Power,150,-0.351150934354033,-0.752017170849937
E157_R7_Power,150,-0.288602719042574,-0.814565386161396
E157_R8_Power,150,-0.0101843899669714,-1.092983715237
E158_R1_Power,151,-1.25950699529586,-1.61047407295258
E159_R1_Water,152,1.99064030802002,0.543056505937412
E159_R2_Water,152,1.3737738965402,1.15992291741723
E159_R2_Gas,152,1.53812467980597,-0.627852020257377
E159_R3_Water,152,1.55599214528039,0.977704668677046
E159_R4_Water,152,2.68941539098875,-1.77628966245776
E159_R5_Water,152,1.37464861853548,1.15904819542195
E160_R1_Power,153,-0.390625832109092,2.05094695485776
E161_R1_Power,154,-0.468594313390388,-0.172459892611442
E161_R2_Power,154,-0.44443385858474,-0.19662034741709
E161_R3_Power,154,-0.4174573478066,-0.22359685819523
E161_R5_Power,154,-0.466719992274394,-0.195168300630279
E161_R6_Power,154,-0.373272798887284,-0.288615494017389
E163_R1_Power,156,-0.261116811430343,-1.59870738871184
E163_R3_Power,156,0.446382240382496,-2.68881341055679
E163_R4_Power,156,-0.0270518080259129,0.614838472928032
E163_R4_Water,156,1.43356208402925,0.607943918307551
E164_R1_Power,157,-0.965854046584194,-1.30232961969252
E164_R1_Water,157,0.494759845470967,-2.3093786088451
E164_R3_Power,157,-1.2070084348975,-3.24115800228093
E165_R1_Power,158,-1.2192721129618,2.93393453180489
E165_R3_Power,158,-1.52483122109164,-2.84922724393307
E165_R4_Power,158,-1.14508653736898,2.86979929206557
E166_R1_Power,159,-0.546232478079803,-1.73949549784782
E167_R1_Power,160,-0.581431269116385,0.476070753458558
E167_R1_Water,160,0.879182622938776,0.782240344561276
E167_R1_Gas,160,1.04353340620454,0.144188057535341
E167_R2_Power,160,-0.115151891180458,0.0403205805574542
E167_R2_Water,160,1.3454620008747,-0.788134543457293
E169_R1_Power,161,-0.530704285870949,-1.99377513903687
E169_R2_Power,161,-0.414086739327743,-4.11412240552422
E169_R4_Power,161,-0.199232188128238,-0.858375265593089
E169_R5_Power,161,-0.332419143909122,-0.725188309812205
E169_R6_Power,161,-0.330142245607235,-0.637441780654471
E169_R7_Power,161,-0.585324833891986,-1.41051112393305
E169_R8_Power,161,-0.599603551827624,-1.39623240599741
E169_R9_Power,161,-0.304647220209251,-0.768297321710281
E169_R11_Power,161,-0.402201865366422,-0.670742676553109
E169_R12_Power,161,-0.228815889763341,-0.739294590840611
E170_R2_Power,162,-1.62148486724058,-0.12377276833606
E171_R3_Water,163,0.246662034235375,2.04587272290517
E172_R1_Power,164,0.05489263741082,1.32362153639011
E173_R1_Power,165,-0.613309928291151,-0.980702122352608
E173_R2_Power,165,-0.28325415854488,0.626914782405928
E173_R3_Power,165,-0.415956469786971,0.367315158174811
E173_R4_Power,165,-0.549520150423534,-1.0872889588067
E173_R5_Power,165,-0.650598271523908,-0.136859588507276
E173_R6_Power,165,-0.406742219014349,-0.16339118565045
E174_R1_Power,166,-1.36562357752074,1.67038398150727
E175_R3_Gas,167,0.91136975234838,0.592707644427894
E175_R7_Water,167,1.60296969600009,1.58750665434641
E176_R1_Power,168,0.189077625602576,2.16661729270542
E176_R1_Water,168,1.64969151765774,0.669422877287519
E177_R1_Power,169,-0.765839350265565,-1.4189627070721
E178_R1_Power,169,0.299690359342954,2.60851513022255
E178_R2_Power,169,-0.509241755387268,3.55002552802215
E178_R3_Power,169,-1.52598302263297,4.68104733475622
E184_R1_Power,69,-0.837473639562474,5.42622680162244
E184_R1_Water,69,0.623140252492687,4.00442358627332
E185_R1_Water,172,2.99088245502007,2.02772100872536
E185_R1_Gas,172,3.15523323828584,1.88603902527231
E187_R1_Power,174,0.425308279951534,-1.22381597616931
E187_R1_Water,174,1.88592217200669,1.22759313720368
E187_R1_Gas,174,2.05027295527246,1.12577504795472
E187_R2_Gas,174,2.1135293074667,0.353492763895532
E187_R3_Power,174,0.310969202869425,-1.7850146729271
E188_R1_Gas,175,1.57563914842828,1.02705053701611
E188_R2_Gas,175,1.50317079070752,-0.222236945245454
E188_R3_Power,175,1.36532059459244,0.726543467085956
E188_R3_Water,175,2.8259344866476,-0.158706280065643
E188_R4_Power,175,1.36548006756723,-0.418970557109077
E188_R4_Water,175,2.82609395962239,-0.158865753040435
E189_R1_Power,176,-0.183283914418618,-0.615223781799154
E189_R2_Water,176,1.27356262182172,0.0073712236403487
E191_R1_Power,177,-0.752339624814073,-0.142678971784543
E191_R1_Water,177,0.708274267241088,-0.170860268003641
E191_R2_Water,177,0.554369858516221,-1.54646230380666
E192_R1_Power,178,0.715799519193388,1.36364202248645
E192_R2_Water,178,2.58093898346323,0.786914531685063
E192_R3_Power,178,1.26627691155138,1.00648030611554
E192_R3_Water,178,2.72689080360654,0.691960686164134
E192_R4_Power,178,0.684988652003674,0.847909183308092
E192_R6_Power,178,1.03366496751672,0.912245181538591
E192_R8_Power,178,1.27272713450527,0.619115793279767
E192_R10_Power,178,0.659613959161629,1.35528906138064
E192_R11_Power,178,0.579115517643524,0.989500400270321
E192_R13_Power,178,0.688326398000358,1.29758908566865
E192_R13_Water,178,2.14894029005552,0.814032280703797
E192_R14_Power,178,0.377136246832996,0.68523393906168
E192_R16_Power,178,0.918826637009408,-0.30058076462258
E192_R17_Power,178,0.0724226713561287,1.76812696204136
E192_R18_Power,178,0.759642698951851,1.10110964176316
E192_R19_Power,178,0.648208952495333,1.21254338821967
E192_R20_Power,178,0.252043808909537,0.441103371650408
E192_R21_Power,178,0.74163878986522,1.18096028032165
E192_R22_Power,178,0.495540185021538,1.34500944837595
E192_R26_Power,178,0.843730423148011,1.05869461396756
E192_R27_Power,178,0.416948939948214,1.43365102930277
E192_R28_Power,178,0.448207130053956,1.39234250334353
E192_R29_Power,178,0.616525066830111,1.25448377405208
E192_R30_Power,178,0.759948723482342,1.1214229044354
E192_R33_Power,178,0.659367097805222,1.20385133540498
E192_R34_Power,178,0.432358242512841,1.41824172673815
E192_R35_Power,178,0.0651957840813919,2.47250905127358
E193_R1_Power,179,-0.851880113917513,1.29266655032869
E193_R1_Gas,179,0.773084561403417,-0.708489504035101
E193_R2_Power,179,-0.0238927041184156,1.4986901963809
E193_R2_Gas,179,1.60107197120251,1.80697931315943
E193_R3_Power,179,0.584214647976431,1.77820771202576
E193_R3_Gas,179,2.20917932329736,1.32125538390803
E193_R4_Power,179,0.0639096191029047,3.72443337482159
E193_R4_Gas,179,1.68887429442383,1.82086497778752
E193_R5_Power,179,0.624025000271278,0.603942157511991
E193_R5_Gas,179,2.24898967559221,-0.00337583025449684
E193_R6_Power,179,-0.52581249901568,-0.0700788104947189
E193_R6_Gas,179,1.09915217630525,-1.05121952254995
E193_R7_Power,179,-0.441097908142994,0.458600206964649
E193_R7_Gas,179,1.18386676717794,1.65904162618256
E193_R8_Power,179,-0.713134073887938,-0.0766789236305834
E193_R8_Gas,179,0.911830601432991,0.118105324095674
E193_R9_Gas,179,1.62044315733483,1.90026028122822
E193_R10_Power,179,-0.645835812277802,-0.319122640585764
E193_R11_Power,179,0.0100531598621084,-0.0338223042642635
E193_R12_Power,179,-0.733118120721725,0.224181533480795
E193_R13_Power,179,-0.949015518395588,0.484743886188945
E193_R14_Power,179,-0.982054798971339,0.38934317755291
E193_R15_Power,179,-0.860473190630906,1.08035234152388
E193_R16_Power,179,-0.732190591236846,0.908436583508096
E193_R17_Power,179,-0.969367973865537,0.719398723376473
E193_R18_Water,179,1.88642982598018,1.43112286613964
E193_R19_Water,179,1.32743465259021,0.949933856577333
E193_R20_Water,179,2.35110232185453,0.350227780314441
E193_R21_Water,179,1.9916498216982,0.736176897380463
E193_R23_Water,179,2.28826460277447,2.13359909228719
E193_R24_Water,179,2.13282727783157,0.582646282228048
E193_R25_Water,179,1.08990804530755,1.17778684482114
E193_R31_Water,179,0.873062208389108,2.25844430874128
E194_R1_Power,180,-0.478800398218561,1.55241830756256
E194_R1_Water,180,0.9818134938366,0.850772007112863
E194_R2_Water,180,0.99033129825952,0.847373021227531
E198_R2_Power,184,0.845875751495549,0.457858177255278
E198_R3_Power,184,0.943032936280191,0.635121663892399
E200_R1_Power,186,-1.73734085437933,-1.74941441564448
E200_R2_Power,186,-1.68382514403962,-2.07119411257886
E200_R3_Power,186,-1.7552179510516,-2.03458742165229
E200_R4_Power,186,-1.68601871328971,-1.88596698935272
E200_R5_Power,186,-1.7906332349618,-0.904994446141852
E200_R6_Power,186,-1.7723174221803,-2.91623437274684
E200_R7_Power,186,-1.77343623894641,-2.82178361618851
E200_R8_Power,186,-1.77231765109493,-1.00669163894777
E201_R1_Power,187,-1.48362069786478,-1.19876175648885
E201_R2_Power,187,-1.49546294657847,-0.681370941110014
E201_R3_Power,187,-1.37129480027683,-0.348516169638643
E201_R4_Power,187,-1.49950930335401,-0.220301666561463
E201_R5_Power,187,-1.42917785704259,-0.0531869728280359
E201_R6_Power,187,-1.35604900747328,-1.21310919476231
E201_R7_Power,187,-1.51765809024832,-0.202152879667151
E201_R8_Power,187,-1.4175159206687,-0.665933642408671
E201_R9_Power,187,-1.32857419019352,-1.0232011469913
E201_R10_Power,187,-1.62467121305496,-1.74793871175528
E201_R11_Power,187,-1.61844514925969,-2.49814502190973
E201_R12_Power,187,-1.74369736013667,-0.937224173577292
E201_R13_Power,187,-1.83373966392124,-1.56545971507824
E201_R14_Power,187,-1.60558551504255,-1.11554992560832
E201_R15_Power,187,-1.58362029135951,0.267970769808949
E201_R16_Power,187,-1.69634346049562,-2.22069208675607
E201_R17_Power,187,-1.71185043637981,-1.96510044686885
E201_R18_Power,187,-1.72166569344857,-1.26411624925226
E201_R19_Power,187,-1.66376849688789,-1.45526199301059
E201_R20_Power,187,-1.74347222705304,-0.238479693349536
E201_R21_Power,187,-1.66533876247478,-1.35673748641882
E201_R22_Power,187,-1.58372026181681,-1.45700937766791
E201_R23_Power,187,-1.68901141568751,-0.471206436019609
E201_R24_Power,187,-1.66445047605701,-1.97754539215808
E201_R25_Power,187,-1.65429102188455,-1.7183189029257
E201_R26_Power,187,-1.65110713364848,-1.95711441744801
E201_R27_Power,187,-1.66703346027849,-2.04613868640449
E201_R28_Power,187,-1.63985527725083,-2.03709560599784
E201_R29_Power,187,-1.64511731838819,-1.67634509525511
E201_R30_Power,187,-1.69937069045159,-1.62209172319171
E201_R31_Power,187,-1.71886653160963,-1.60259588203367
E201_R32_Power,187,-1.70981212556017,-1.68938725343932
E201_R33_Power,187,-1.56345096778133,-0.785178063714119
E201_R34_Power,187,-1.5787554665247,-2.48409042863803
E201_R35_Power,187,-1.55817965310585,-2.19257520472618
E201_R36_Power,187,-1.64457528090205,-1.67688713274125
E201_R37_Power,187,-1.68255677237256,0.282974516925732
E201_R38_Power,187,-1.74359532680431,0.393825740366796
E201_R39_Power,187,-1.6343732653463,-0.302874510630363
E201_R40_Power,187,-1.70798994590114,0.308407690454317
E201_R41_Power,187,-1.64187839282027,0.242296137373444
E201_R42_Power,187,-1.63285089557721,0.236910157405519
E201_R43_Power,187,-1.56815709612237,0.285501769761967
E201_R44_Power,187,-1.52673858859785,0.316076796121114
E201_R45_Power,187,-1.73694312163606,-1.30378651784867
E201_R46_Power,187,-1.87230386349489,-0.063556949707426
E201_R47_Power,187,-1.8395874256427,-0.0962733875596145
E201_R48_Power,187,-1.86304648184167,-0.0728143313606378
E201_R49_Power,187,-1.94677612337248,0.0109153101701656
E201_R50_Power,187,-1.93674533148974,0.000884518287424418
E201_R51_Power,187,-1.85202727525878,-1.06489381787092
E201_R52_Power,187,-1.90373448908756,0.132953426244696
E201_R53_Power,187,-1.85943524999262,0.560418896979787
E201_R54_Power,187,-1.91106888183273,0.206770688374671
E201_R55_Power,187,-1.8447227875392,0.193420671006399
E201_R56_Power,187,-1.90996085194242,0.258658735409623
E201_R57_Power,187,-1.5904183622894,-0.980046175860243
E201_R58_Power,187,-1.71310240488459,-1.31929385304099
E201_R59_Power,187,-1.75105385227424,-0.332395710803132
E201_R60_Power,187,-1.69306177406527,-0.622608558477436
E201_R61_Power,187,-1.90037851275767,-1.25083866363671
E201_R62_Power,187,-1.37091735533247,0.0715343662018724
E201_R63_Water,187,-0.0572427391179827,-0.83070351974703
E201_R64_Water,187,-0.124345126220741,-0.763601132644271
E201_R65_Water,187,-0.109466849011279,-0.0323271566066073
E201_R66_Water,187,-0.0685497307539552,-0.0732442748639315
E201_R67_Water,187,-0.115793403828629,-0.557943383211493
E202_R1_Power,188,-0.893809910042496,0.78844939438467
E202_R2_Power,188,0.142354933584829,1.36172246319145
E203_R1_Power,189,-1.4084657207539,2.66479375541376
E204_R1_Power,190,-0.338930693358326,-1.33664702158032
E204_R2_Power,190,-0.65579064126932,-0.144719057619125
E205_R2_Gas,191,1.85269532677069,-1.26590916220215
E205_R3_Gas,191,1.48411082964221,-0.203677109221824
E205_R4_Power,191,0.0563543841153716,1.27537263069256
E205_R4_Gas,191,1.6813190594363,-1.09453289486777
E205_R5_Power,191,0.0571954466223848,1.32859878945582
E205_R7_Power,191,0.0563543841153716,1.16115143449315
E205_R8_Power,191,0.0183323168203056,-0.531661070804415
E205_R9_Power,191,0.0563543841153716,1.30096038064097
E206_R2_Water,192,0.421002570181665,1.41954706321582
E207_R1_Power,192,-0.0847510462442412,4.24207040762773
E207_R1_Water,192,1.37586284581092,0.464686787586568
E209_R1_Power,194,-0.284934029391219,1.61716116924083
E210_R1_Power,195,-0.610667157243121,2.17659195734548
E212_R2_Water,197,3.80555429442509,-2.81230252141481
E213_R3_Power,198,0.779348852577343,-1.0917335376695
E216_R4_Water,201,0.823478996964882,0.512179748186429
E217_R1_Power,202,-0.82326422169994,1.34931259626567
E217_R1_Water,202,0.637349670355221,1.04484291798779
E218_R1_Power,203,-0.796883666815428,0.600164544457133
E219_R1_Water,204,2.27530753052389,-1.58216034996394
E219_R5_Power,204,-1.07924369702965,1.05914302532264
E220_R1_Power,205,-1.51023248129172,0.478530897906242
E221_R1_Water,192,0.272366132878898,1.56818350051859
E224_R1_Power,207,0.0382909452216257,-2.9242723548165
E225_R1_Power,208,-1.0445517128896,2.91843284614421
E226_R1_Power,209,-0.864009696482333,-0.769208744617171
E227_R1_Gas,210,1.70123308563849,-1.71401442000323
E229_R1_Power,212,-0.337868826886078,0.141488912841083
E230_R1_Power,213,-0.353716250621537,-0.504541450002008
E231_R1_Power,214,-0.878452489438661,0.324719348499606
E234_R1_Power,217,-1.29949210686224,-4.10418577534363
E235_R1_Power,218,-0.624672334554042,2.73850999229086
E236_R1_Power,219,-0.525758518782026,2.08095027073255
E237_R1_Power,220,-1.10295174118052,2.66903155115269
E237_R1_Water,220,0.357662150874643,1.69810665270283
E238_R2_Power,221,-0.0661455022549379,-0.904337458702644
E240_R1_Power,223,-0.647690959533506,0.551707605688277
E240_R1_Gas,223,0.977273715787423,-0.389487050885304
E241_R1_Power,224,-0.0485661050260646,0.636352769928184
E243_R1_Power,226,-1.20566506318037,0.536429702666741
E244_R1_Power,227,-1.07554453206218,2.1223370720005
E245_R1_Power,228,-0.416188558555857,0.931942020558144
E245_R2_Power,228,-0.161055935096124,-0.853123297597156
E246_R1_Power,229,-0.846276392335214,0.276585015702187
E246_R2_Power,229,-0.743678364631015,1.22251784253915
E246_R3_Power,229,-0.706986399435383,0.137295022802356
E247_R1_Power,230,0.365421630174753,-3.71497577868507
E251_R1_Power,234,-0.854221312082823,-0.69083434142201
E251_R1_Water,234,0.606392579972338,-0.860253103948608
E251_R2_Water,234,0.569898446971448,-0.823758970947718
E252_R1_Power,235,0.168881705697714,-0.137964603062993
E252_R1_Water,235,1.62949559775288,-1.04170893285076
E253_R1_Power,236,0.889565529192648,-1.72681405372685
E253_R1_Water,236,2.35017942124781,-2.45553993690564
E254_R1_Power,237,-0.792154241386244,2.76623526740825
E255_R1_Power,238,-0.780316389894078,1.3681030547962
E257_R1_Power,240,0.684157382528369,-1.07719997063798
E258_R1_Power,241,-1.72058459096442,-0.781671697158695
E259_R1_Power,242,-1.80103633920799,-1.47440983714861
E260_R1_Power,243,-1.19362331348598,-0.0732892906138272
E261_R2_Power,244,-1.46035016052833,-0.343279481270216
E261_R3_Power,244,-1.42136291016671,2.04788940338476
