record_id,eid,sys,outage0
E1_R1_Power,1,E,0.238095238095238
E1_R1_Gas,1,G,0.0261904761904762
E1_R2_Power,1,E,1
E1_R2_Water,1,W,0.04886
E1_R3_Power,1,E,1
E2_R1_Power,2,E,0.123135997426709
E2_R1_Water,2,W,0.141612679489564
E2_R1_Gas,2,G,0.0699487854769887
E2_R2_Water,2,W,0.0695313586427478
E2_R3_Water,2,W,1
E2_R4_Water,2,W,1
E2_R5_Water,2,W,1
E2_R6_Water,2,W,1
E2_R7_Water,2,W,1
E2_R8_Water,2,W,1
E2_R9_Water,2,W,0.588717454194793
E2_R10_Water,2,W,1
E2_R11_Water,2,W,0.260999254287845
E2_R12_Water,2,W,0.256739409499358
E2_R13_Water,2,W,1
E2_R14_Water,2,W,0.0482121333869023
E2_R15_Water,2,W,1
E2_R16_Water,2,W,0.0505249343832022
E2_R17_Water,2,W,1
E2_R18_Water,2,W,1
E2_R19_Water,2,W,0.51440329218107
E2_R20_Water,2,W,1
E2_R21_Water,2,W,0.0920463032113518
E2_R22_Water,2,W,0.0685840707964602
E2_R23_Water,2,W,1
E2_R24_Water,2,W,0.0669326241134752
E2_R25_Water,2,W,0.298672566371681
E2_R26_Water,2,W,0.0113830392714855
E2_R27_Water,2,W,0.0232812927964941
E2_R28_Water,2,W,0.00242541838467136
E2_R29_Water,2,W,1
E2_R30_Water,2,W,0.00723589001447178
E2_R31_Water,2,W,0.00559701492537312
E2_R32_Water,2,W,0.00398142003981417
E2_R33_Water,2,W,0.00813008130081305
E2_R34_Water,2,W,0.00208478109798471
E2_R35_Water,2,W,0.00251466890192786
E2_R36_Water,2,W,0.930348258706468
E3_R1_Power,3,E,0.216666666666667
E3_R1_Water,3,W,0.961190240468543
E3_R1_Gas,3,G,0.0675297410776767
E3_R2_Water,3,W,0.941
E3_R3_Water,3,W,0.76496
E3_R4_Water,3,W,0.703253720547064
E3_R5_Water,3,W,0.97876
E3_R6_Water,3,W,0.89725
E3_R7_Water,3,W,0.68448
E3_R8_Water,3,W,0.90443
E3_R9_Water,3,W,0.2
E3_R10_Water,3,W,0.96
E5_R1_Power,5,E,0.6666
E5_R1_Water,5,W,0.50175
E6_R1_Power,6,E,0.255700764831921
E6_R1_Water,6,W,0.622663998978332
E6_R1_Gas,6,G,0.143152696777489
E6_R2_Gas,6,G,0.922502465830633
E6_R3_Gas,6,G,1
E6_R4_Gas,6,G,1
E6_R5_Gas,6,G,1
E6_R6_Gas,6,G,1
E6_R7_Gas,6,G,1
E6_R8_Gas,6,G,1
E6_R9_Power,6,E,0.124460431654676
E6_R10_Power,6,E,0.264907135874878
E6_R11_Power,6,E,0.398148148148148
E6_R11_Water,6,W,0
E6_R12_Power,6,E,0.00490196078431371
E6_R12_Water,6,W,0
E6_R13_Power,6,E,0.175572519083969
E6_R13_Water,6,W,0.523282941396043
E6_R14_Power,6,E,0.0204081632653061
E6_R14_Water,6,W,0.14591439688716
E6_R15_Power,6,E,0.46031746031746
E6_R15_Water,6,W,0.166158958737192
E6_R16_Water,6,W,0
E6_R17_Power,6,E,0.746031746031746
E6_R18_Power,6,E,0.0036697247706422
E6_R19_Power,6,E,0.251798561151079
E6_R20_Power,6,E,0.0833333333333334
E6_R22_Power,6,E,0.429864253393665
E6_R23_Power,6,E,1
E6_R23_Water,6,W,1
E6_R24_Power,6,E,0.978947368421053
E6_R24_Water,6,W,1
E6_R25_Power,6,E,0.549019607843137
E6_R26_Power,6,E,0.595628415300546
E6_R26_Water,6,W,0.958438616363161
E6_R27_Power,6,E,0.426229508196721
E6_R27_Water,6,W,0.165768194070081
E6_R28_Power,6,E,0.0357142857142857
E6_R28_Water,6,W,0.722381122631391
E6_R29_Power,6,E,0.4
E6_R29_Water,6,W,1
E6_R30_Power,6,E,0.325
E6_R30_Water,6,W,0.00121802679658952
E6_R31_Power,6,E,0.131147540983607
E6_R31_Water,6,W,0.0631016042780749
E6_R32_Water,6,W,0.00380228136882133
E6_R33_Power,6,E,1
E6_R33_Water,6,W,1
E6_R34_Power,6,E,1
E6_R34_Water,6,W,0.679213002566296
E6_R35_Power,6,E,0.507853403141361
E6_R36_Power,6,E,0.0089169640001433
E6_R37_Water,6,W,0.00433112691019044
E6_R38_Water,6,W,1
E6_R39_Water,6,W,1
E6_R40_Water,6,W,0.505451657159362
E6_R41_Water,6,W,0.0105792852048498
E6_R42_Water,6,W,0.000642727399748498
E6_R43_Water,6,W,0.0150477766909939
E6_R44_Water,6,W,0.103192866388609
E6_R45_Water,6,W,0.227756982435934
E6_R46_Water,6,W,0
E6_R47_Water,6,W,0
E6_R48_Water,6,W,0
E6_R49_Water,6,W,0
E6_R50_Water,6,W,0.000579698943015594
E6_R51_Water,6,W,0.0213766566908935
E6_R52_Water,6,W,0.0120068610634648
E6_R53_Water,6,W,0.000574179947995702
E6_R54_Water,6,W,0
E6_R55_Water,6,W,0
E6_R56_Water,6,W,0.0021003360537686
E6_R57_Water,6,W,0.000975546305931321
E6_R58_Water,6,W,0
E6_R59_Water,6,W,0.000916338312104829
E6_R60_Water,6,W,0.0110627332503999
E8_R1_Power,8,E,0.118736642127761
E8_R1_Gas,8,G,1
E9_R1_Water,9,W,0.0181609056238271
E9_R1_Gas,9,G,0.00211877232277979
E9_R2_Water,9,W,0.0887536452390009
E9_R2_Gas,9,G,0.00671991885381007
E9_R3_Gas,9,G,0.0132637529897803
E9_R4_Power,9,E,0.259950798403429
E9_R4_Water,9,W,0.0313831509345232
E9_R5_Power,9,E,0.135051184398887
E9_R5_Water,9,W,0.000102638900143154
E9_R6_Power,9,E,3.12654128715015e-05
E9_R7_Power,9,E,0.00647065501191968
E9_R7_Water,9,W,0.340560790101033
E9_R8_Power,9,E,0.0536912751677853
E9_R8_Water,9,W,0.147651006711409
E9_R9_Water,9,W,0.810372771474878
E9_R10_Water,9,W,0.320855614973262
E9_R11_Water,9,W,0.418410041841004
E9_R12_Water,9,W,0.274761219416459
E9_R13_Water,9,W,0.951131518530666
E9_R14_Water,9,W,0.00167112299465244
E9_R15_Water,9,W,0.00181587071000544
E10_R1_Power,10,E,0.704698187031451
E10_R1_Water,10,W,0.971957277694983
E10_R1_Gas,10,G,0.817060422329082
E10_R2_Power,10,E,1
E10_R2_Water,10,W,0.88231338264963
E10_R2_Gas,10,G,1
E10_R3_Water,10,W,0.0311083273681699
E10_R3_Gas,10,G,0.00246816072662648
E10_R4_Power,10,E,0.000486610829302792
E10_R4_Water,10,W,0.0995879798677588
E10_R4_Gas,10,G,0.000884746962368732
E10_R5_Water,10,W,1
E11_R1_Gas,11,G,0.00111585361653667
E11_R2_Power,11,E,0.00447175807871447
E11_R2_Water,11,W,0.00113653740447917
E11_R3_Power,11,E,0.0230963938973647
E11_R3_Water,11,W,6.35691169671437e-05
E11_R4_Power,11,E,0.0163068534740269
E11_R4_Water,11,W,0.000448438470535772
E11_R5_Water,11,W,0.0373684210526316
E11_R6_Water,11,W,0.000637692534092071
E11_R7_Water,11,W,0.36700961376286
E11_R8_Water,11,W,0.00555049843475941
E11_R9_Water,11,W,0.000496135233743256
E11_R10_Water,11,W,0.000465443412424271
E11_R11_Water,11,W,0.000958160332162248
E12_R1_Water,12,W,0.0160109028440866
E12_R1_Gas,12,G,0
E12_R2_Power,12,E,0.888474576271186
E12_R2_Water,12,W,0.0275548015500358
E12_R3_Water,12,W,0.0201450443190975
E12_R4_Water,12,W,0.00526759376316898
E12_R5_Water,12,W,0.0147540983606557
E12_R6_Water,12,W,0.111301369863014
E12_R7_Water,12,W,0.000726744186046457
E12_R8_Water,12,W,0.00930232558139535
E12_R9_Water,12,W,0.0341763499658237
E12_R10_Water,12,W,0.940651992198384
E12_R11_Water,12,W,0.011105969458584
E12_R12_Water,12,W,0.00148809523809524
E12_R13_Water,12,W,0.0325581395348837
E12_R14_Water,12,W,0.00241837968561065
E12_R15_Water,12,W,0.00872242175474602
E12_R16_Water,12,W,0.00996557347345539
E12_R17_Water,12,W,0.00755555555555554
E12_R18_Water,12,W,0.0747663551401869
E12_R19_Water,12,W,0.0192061459667093
E12_R20_Water,12,W,0.000937646507266798
E12_R21_Water,12,W,0.047787610619469
E12_R22_Water,12,W,0.469765117441279
E12_R23_Water,12,W,0.0004291319274154
E12_R24_Water,12,W,0.00082152392688437
E12_R25_Water,12,W,0.00279981334577695
E12_R26_Water,12,W,0.0154559505409583
E12_R29_Water,12,W,0.407769869513642
E12_R30_Water,12,W,0.000748900053047064
E12_R31_Water,12,W,0.00368207211782634
E12_R32_Water,12,W,1.25003125077683e-05
E12_R33_Water,12,W,0.00718390804597701
E12_R34_Water,12,W,0.000342817963661296
E12_R35_Water,12,W,0.0637110016420361
E12_R36_Water,12,W,1
E12_R37_Water,12,W,0.0192283040635816
E12_R38_Water,12,W,0.000738007380073801
E12_R39_Water,12,W,0.00135949608011965
E12_R40_Water,12,W,1
E12_R41_Water,12,W,0.461616161616162
E12_R42_Water,12,W,0
E12_R43_Water,12,W,0.28215654077723
E12_R44_Water,12,W,0.934579439252336
E12_R45_Water,12,W,0.00404653515427415
E12_R46_Water,12,W,0.00807102502017756
E12_R47_Water,12,W,0.00208008320332813
E12_R48_Water,12,W,0.00828500414250211
E12_R49_Water,12,W,0
E13_R1_Water,13,W,1
E13_R1_Gas,13,G,0.017911784461527
E13_R2_Water,13,W,0.00283346183500388
E13_R2_Gas,13,G,0.000202390131071706
E13_R3_Water,13,W,0.648028142936493
E13_R3_Gas,13,G,0.00499907424551005
E13_R4_Power,13,E,0.00134282261313279
E13_R4_Water,13,W,1
E13_R4_Gas,13,G,0.00268564522626558
E13_R5_Water,13,W,0.745257452574526
E13_R5_Gas,13,G,0.00542005420054203
E13_R6_Power,13,E,1
E13_R6_Water,13,W,0.870038064165307
E13_R6_Gas,13,G,0.011963023382273
E13_R7_Power,13,E,0.0691621799919133
E13_R7_Water,13,W,0.240288565895597
E13_R8_Power,13,E,0.00153530432290516
E13_R9_Power,13,E,0.002745367192862
E13_R9_Water,13,W,0.000521619766643777
E13_R10_Power,13,E,9.05600231834169e-05
E13_R10_Water,13,W,0.00131915767103774
E13_R11_Power,13,E,0.0294950448324681
E13_R11_Water,13,W,0.000589900896649342
E13_R12_Power,13,E,0.971698113207547
E13_R12_Water,13,W,0.979623824451411
E13_R13_Power,13,E,0.913595540414989
E13_R13_Water,13,W,0.960049550944565
E13_R14_Power,13,E,0.981481481481482
E13_R14_Water,13,W,0.97323600973236
E13_R15_Power,13,E,0.201692247146793
E13_R15_Water,13,W,1
E13_R16_Power,13,E,0.00052350843721094
E13_R16_Water,13,W,0.000494424635143709
E13_R17_Power,13,E,0.00925354719309068
E13_R17_Water,13,W,0.053979025293029
E13_R18_Power,13,E,0.00745712155108125
E13_R18_Water,13,W,0.956997265722098
E13_R19_Water,13,W,0.000200978093387821
E13_R20_Water,13,W,0.000382352941176471
E13_R21_Water,13,W,0.00243279406398245
E13_R22_Water,13,W,0.00256500972934725
E13_R23_Water,13,W,0.000587509547030129
E13_R24_Water,13,W,0.0315130991016415
E13_R25_Water,13,W,0.00199866755496336
E13_R26_Water,13,W,0.076235782026652
E13_R27_Water,13,W,0.888381242464623
E13_R28_Water,13,W,0.00266177688394653
E13_R29_Water,13,W,0.0016380513256082
E13_R30_Water,13,W,0.782247765006386
E13_R31_Water,13,W,1
E13_R32_Water,13,W,0.000164907651715063
E13_R33_Water,13,W,0.00633387435176755
E13_R34_Water,13,W,0.00073245763953318
E13_R35_Water,13,W,0.00926205577368366
E13_R36_Water,13,W,0.00035648505733468
E13_R37_Water,13,W,0.000965384084953799
E13_R38_Water,13,W,0.0679190751445087
E13_R39_Water,13,W,0.0458043239281788
E14_R1_Power,14,E,0.0430512797602125
E14_R2_Power,14,E,0.00734282529480934
E14_R3_Power,14,E,0.0841790649502965
E14_R4_Power,14,E,0.000347706758028532
E14_R5_Power,14,E,0.00055465442741937
E14_R5_Water,14,W,0.000144858200975539
E14_R6_Water,14,W,0.0255819902788437
E14_R7_Water,14,W,0.158406879384476
E14_R8_Water,14,W,1
E14_R9_Water,14,W,0.0143007360672975
E14_R10_Water,14,W,0.000176603560327782
E14_R11_Water,14,W,0.000328036904151717
E14_R12_Water,14,W,0.000347335440974206
E14_R13_Water,14,W,0.00329597890573496
E14_R14_Water,14,W,0.000369898483416176
E14_R15_Water,14,W,0.00379298718813215
E14_R16_Water,14,W,0.00520981339395665
E14_R17_Water,14,W,0.179748352306771
E14_R18_Water,14,W,0.229759299781182
E14_R19_Water,14,W,0.0239177230327673
E14_R20_Water,14,W,0.0449842555105713
E14_R21_Water,14,W,0.00891315247061445
E14_R22_Water,14,W,0.00550357732526142
E15_R1_Power,15,E,0.00351124263733336
E15_R1_Water,15,W,0.00380622508112016
E15_R1_Gas,15,G,0
E15_R2_Power,15,E,0.0396702437602091
E15_R3_Power,15,E,0.0948090711708829
E15_R4_Power,15,E,0.0178837439348146
E15_R5_Power,15,E,0.0032633682346539
E15_R6_Power,15,E,0.0479968407864243
E15_R7_Power,15,E,0.000502493624612188
E15_R8_Power,15,E,0.13461504810132
E15_R9_Power,15,E,0.000372361954322109
E15_R10_Power,15,E,4.73574540632571e-05
E15_R10_Water,15,W,0.00132600871377153
E15_R11_Water,15,W,0.00132176058509936
E15_R12_Water,15,W,0.0178389398572885
E15_R13_Water,15,W,0.000244698205546512
E15_R14_Water,15,W,0.00471142520612489
E15_R15_Water,15,W,0.0168520390967307
E15_R16_Water,15,W,0.154151068046686
E15_R17_Water,15,W,0.000820950660865294
E15_R18_Water,15,W,0.000238616585256302
E15_R19_Water,15,W,0.206573538134293
E15_R20_Water,15,W,0.14791747761775
E15_R21_Water,15,W,0.00026221484136002
E15_R22_Water,15,W,1
E15_R23_Water,15,W,1
E15_R24_Water,15,W,0
E15_R25_Water,15,W,0
E15_R26_Water,15,W,0.0426829268292683
E15_R27_Water,15,W,1
E15_R28_Water,15,W,0.0398724082934609
E15_R29_Water,15,W,0.695652173913043
E15_R30_Water,15,W,0.572297484102848
E16_R1_Power,16,E,0.992127868303304
E16_R1_Water,16,W,0.71765429567357
E16_R1_Gas,16,G,1
E16_R2_Power,16,E,0.15793068639264
E16_R3_Power,16,E,0.795382945289192
E16_R4_Power,16,E,0.204858528280422
E16_R5_Power,16,E,0.315436639381507
E16_R6_Power,16,E,0.161131993499726
E17_R1_Power,17,E,0.153533285746993
E17_R1_Water,17,W,0.00389220347200714
E17_R1_Gas,17,G,0.125048820891301
E17_R2_Power,17,E,0.0281549823489918
E18_R1_Water,18,W,0.0869741100323624
E18_R2_Power,18,E,0.0230296113433651
E18_R3_Power,18,E,1
E18_R3_Water,18,W,0.266844563042028
E18_R4_Water,18,W,0.783647068579484
E18_R5_Water,18,W,0.708812260536398
E19_R1_Power,19,E,0.856974522861581
E19_R1_Water,19,W,0.267804538394244
E19_R1_Gas,19,G,0.00158004677652604
E20_R1_Water,20,W,5.80273037806723e-05
E22_R1_Power,22,E,0.842651515151515
E22_R2_Power,22,E,1
E22_R3_Power,22,E,1
E22_R4_Power,22,E,0.904665314401623
E22_R5_Water,22,W,0.2
E23_R1_Gas,23,G,4.61491182896298e-05
E23_R2_Power,23,E,0.000313586093373395
E23_R3_Water,23,W,8.91446476225521e-05
E24_R1_Power,24,E,0.00675456608667457
E24_R1_Water,24,W,0.580892683454015
E24_R1_Gas,24,G,0.310710039987031
E24_R2_Power,24,E,0.000400150456571713
E24_R2_Gas,24,G,0.496186566148872
E24_R3_Power,24,E,0.0195264827922871
E24_R3_Gas,24,G,0.0327610989070594
E24_R4_Power,24,E,0.145483252509304
E24_R4_Water,24,W,0.000178070076510776
E24_R4_Gas,24,G,0.0044161378974672
E24_R5_Power,24,E,0.536508116056784
E24_R6_Power,24,E,0.184742993590549
E24_R7_Power,24,E,0.725861795914058
E24_R7_Water,24,W,0.140773196783332
E24_R8_Power,24,E,0.00165904296921293
E24_R9_Power,24,E,0.00155246124817887
E25_R1_Power,25,E,0
E25_R1_Gas,25,G,0.000284125970800742
E25_R2_Power,25,E,0
E25_R2_Water,25,W,0.000325980658480884
E25_R3_Power,25,E,0
E25_R3_Water,25,W,0.00288018433179726
E25_R4_Water,25,W,0.00036770789284992
E25_R5_Water,25,W,3.45733646798506e-05
E25_R6_Water,25,W,1.14370849767789e-05
E25_R7_Water,25,W,0.00108003426315593
E26_R2_Power,26,E,0
E27_R1_Power,27,E,0.00591985428051002
E27_R1_Water,27,W,9.10746812386157e-05
E27_R2_Water,27,W,0.00311190903650505
E27_R3_Water,27,W,0.00555864369093941
E28_R1_Power,28,E,0
E28_R2_Power,28,E,0
E28_R2_Water,28,W,0.00063503059692871
E28_R3_Power,28,E,0
E28_R3_Water,28,W,0.000926784059314234
E28_R4_Power,28,E,0
E28_R4_Water,28,W,0
E28_R5_Power,28,E,0
E28_R5_Water,28,W,0.00236043904166175
E29_R1_Power,29,E,0.01503997063382
E29_R1_Water,29,W,5.35320988661392e-05
E29_R1_Gas,29,G,0
E29_R2_Power,29,E,0.00378033869471994
E29_R3_Power,29,E,0.12896588344617
E29_R3_Water,29,W,0.000464622328421612
E29_R3_Gas,29,G,0
E29_R4_Power,29,E,0.0056635542629726
E29_R4_Gas,29,G,0
E30_R1_Power,30,E,0
E30_R1_Water,30,W,0.0471475719000471
E31_R1_Power,31,E,0.00574712643678161
E31_R1_Water,31,W,0.00736811081638666
E32_R1_Power,32,E,0.226700251889169
E32_R1_Water,32,W,0.00251889168765743
E33_R1_Water,33,W,3.56308078216749e-05
E33_R1_Gas,33,G,0.00017102787754404
E33_R2_Water,33,W,0.00956388676358072
E33_R3_Water,33,W,0.566123517858442
E33_R4_Water,33,W,0.000128447768922464
E34_R1_Power,34,E,0.0769631164391191
E34_R1_Water,34,W,0.0162412429138236
E34_R1_Gas,34,G,0.000430385848508232
E34_R2_Water,34,W,0.866879774611259
E34_R3_Water,34,W,0.00695588504484712
E34_R4_Water,34,W,0.00104101603164689
E34_R5_Water,34,W,0.000660301361541407
E34_R6_Water,34,W,0.011412761542452
E34_R7_Water,34,W,0.000748596381784155
E35_R1_Gas,35,G,0.000112254925414883
E35_R2_Power,35,E,0.112139052425007
E35_R2_Water,35,W,0.0236893748247827
E35_R3_Water,35,W,0.000231468086337561
E35_R4_Water,35,W,0.000615506664569332
E35_R5_Water,35,W,0.0231624459542927
E35_R6_Water,35,W,0.152121697357886
E35_R7_Water,35,W,0.130434782608696
E35_R8_Water,35,W,0.00815956482320945
E35_R9_Water,35,W,0.0208713801200104
E35_R10_Water,35,W,0.00123494905835131
E36_R1_Power,36,E,0.00234598512302117
E36_R2_Water,36,W,0.00041101520756268
E36_R3_Water,36,W,0.000209161263334031
E36_R4_Water,36,W,0.00474473334598596
E36_R5_Water,36,W,0.00224036642437519
E36_R6_Water,36,W,0.000274317761567066
E37_R1_Power,37,E,0
E37_R2_Power,37,E,0
E37_R2_Water,37,W,2.59845933633374e-05
E39_R1_Water,39,W,0.000925149330101531
E39_R1_Gas,39,G,0
E39_R2_Water,39,W,0.00185269412604161
E39_R2_Gas,39,G,0
E39_R3_Water,39,W,5.8232435932674e-06
E39_R3_Gas,39,G,0
E39_R4_Power,39,E,0.00108296257524208
E40_R1_Water,40,W,6.02866149629125e-05
E41_R1_Power,41,E,0.000417516263714924
E41_R2_Water,41,W,2.97374775482045e-06
E42_R1_Water,42,W,4.8096057445931e-05
E42_R1_Gas,42,G,0
E42_R2_Water,42,W,1.54470372582539e-05
E42_R2_Gas,42,G,0
E42_R3_Water,42,W,4.37174396152865e-06
E42_R3_Gas,42,G,0
E42_R4_Power,42,E,0.00248626014132426
E43_R1_Power,43,E,0.000217449229439723
E43_R2_Water,43,W,0.000198695357044005
E44_R1_Power,44,E,1.94430102523965e-05
E44_R2_Power,44,E,2.27306496063544e-05
E44_R3_Water,44,W,3.09307686914635e-05
E44_R4_Water,44,W,9.21651705187319e-05
E45_R1_Power,45,E,0.165981260491807
E45_R1_Water,45,W,0.00693556713702739
E45_R2_Power,45,E,0.00265676394255838
E46_R1_Water,46,W,0.000781560933496379
E46_R1_Gas,46,G,0.0164981501053905
E46_R2_Power,46,E,0.0176311312094311
E47_R1_Gas,47,G,0.732566858285429
E47_R2_Water,47,W,0.00569460245228163
E47_R2_Gas,47,G,0.000356044326465259
E47_R3_Power,47,E,0.00468824789282435
E47_R4_Power,47,E,1.24817066131303e-05
E47_R5_Water,47,W,0.00251181660011375
E48_R1_Power,48,E,0.0320356235257618
E48_R1_Water,48,W,0.0367020864034748
E48_R1_Gas,48,G,0.0121397383897327
E48_R2_Gas,48,G,2.21387345942081e-06
E48_R3_Power,48,E,0.0120999930968442
E48_R3_Water,48,W,0.000752266978665709
E48_R4_Power,48,E,0.00166441217108649
E48_R5_Power,48,E,0.000724541881782922
E48_R5_Water,48,W,0.000274707822476937
E48_R6_Power,48,E,0.00373632155541219
E48_R6_Water,48,W,0.000288132089771937
E48_R7_Water,48,W,0.00050680680524584
E49_R1_Power,49,E,0.046387783266996
E49_R1_Water,49,W,0.0287217233033982
E49_R1_Gas,49,G,0.000355021301278077
E49_R2_Power,49,E,0.034053741586855
E49_R3_Power,49,E,0.000661426549534637
E49_R4_Power,49,E,0.00437415637645292
E49_R4_Water,49,W,0.000993137924385233
E49_R5_Power,49,E,0.0199175074461615
E49_R5_Water,49,W,0.00130600215197967
E49_R6_Water,49,W,8.2427772664203e-05
E49_R7_Water,49,W,2.02614303412025e-06
E50_R1_Power,50,E,0
E50_R1_Water,50,W,0.0191256830601093
E51_R1_Gas,51,G,0
E52_R1_Power,52,E,1
E52_R1_Water,52,W,1
E53_R1_Power,53,E,0.0354191263282172
E54_R1_Power,54,E,0.0333915545052913
E55_R1_Power,55,E,0.202537182852144
E57_R1_Power,57,E,0.00266666666666671
E57_R1_Gas,57,G,0.0446728571428571
E57_R2_Gas,57,G,0.15
E57_R3_Water,57,W,0.4
E58_R1_Power,58,E,0.323816259836984
E59_R1_Power,59,E,0.01
E59_R1_Water,59,W,0.45
E61_R1_Power,61,E,1
E62_R2_Water,62,W,1
E63_R1_Water,63,W,0.150000015000002
E63_R2_Water,63,W,0.090999993983551
E64_R1_Power,64,E,0.6666
E64_R1_Water,64,W,0.00700798489846566
E64_R1_Gas,64,G,0.00566402015049572
E64_R2_Gas,64,G,0.0314680357188672
E64_R3_Gas,64,G,1
E64_R4_Power,64,E,1
E64_R4_Water,64,W,0.99931713329225
E64_R5_Water,64,W,0.8
E64_R7_Water,64,W,0.641663280888802
E64_R8_Water,64,W,0.537483731519198
E66_R1_Power,66,E,0.000175712788424209
E66_R2_Power,66,E,0.0118073567584808
E67_R1_Power,67,E,1
E68_R1_Power,68,E,1
E68_R2_Water,68,W,1
E70_R1_Power,70,E,0.00126583384660395
E70_R1_Water,70,W,0.0305284643233474
E70_R1_Gas,70,G,0
E70_R2_Gas,70,G,0
E70_R3_Gas,70,G,0
E72_R1_Water,72,W,1
E73_R1_Power,73,E,0.00619548100952547
E73_R1_Water,73,W,0.0256764587293168
E73_R2_Power,73,E,0.138683957449034
E73_R3_Power,73,E,0.0230468249600874
E73_R3_Water,73,W,0.4
E73_R4_Water,73,W,0.075
E74_R1_Power,74,E,0.0290041267616601
E74_R1_Gas,74,G,0.00438244101964794
E75_R1_Water,75,W,1
E77_R1_Power,77,E,1
E80_R1_Water,80,W,0.291666666666667
E80_R1_Gas,80,G,0
E80_R2_Power,80,E,0.5684
E80_R2_Water,80,W,0.8
E80_R2_Gas,80,G,0
E80_R3_Gas,80,G,0
E80_R4_Gas,80,G,0
E80_R5_Gas,80,G,0
E80_R6_Gas,80,G,0
E80_R7_Gas,80,G,0
E80_R8_Gas,80,G,0
E80_R9_Power,80,E,0.0117892156862746
E81_R7_Power,81,E,1
E81_R7_Water,81,W,0.3
E82_R1_Water,82,W,0.6
E83_R1_Gas,83,G,0.00407500300185294
E84_R2_Power,84,E,0.00416736122687111
E84_R3_Power,84,E,0.0668449197860963
E84_R4_Power,84,E,0.00685753471626949
E84_R5_Power,84,E,0.00241673358571374
E84_R6_Power,84,E,0.000981067362047172
E84_R6_Water,84,W,0.000824096584119638
E84_R7_Power,84,E,0.000189909413209954
E84_R7_Water,84,W,0.000479771149161867
E84_R8_Power,84,E,0.000611212074290823
E84_R8_Water,84,W,0.000122242414858142
E84_R9_Water,84,W,0.0700589970501475
E84_R10_Water,84,W,0.00685400959561344
E84_R11_Water,84,W,0
E84_R12_Water,84,W,0.0183542367696543
E85_R1_Water,85,W,0.000234386902459915
E85_R2_Water,85,W,6.2294622416692e-05
E85_R3_Water,85,W,0.00148460696983899
E85_R4_Water,85,W,0.283205890682526
E85_R5_Water,85,W,0.00329942260104477
E86_R1_Water,86,W,0.00120675784392599
E87_R1_Power,87,E,0.290130704367486
E87_R1_Water,87,W,0
E88_R1_Power,88,E,0.0179027208002232
E89_R3_Power,89,E,0.0832867755085149
E91_R1_Power,91,E,0.00589314367676665
E91_R2_Power,91,E,0.000254646630891031
E91_R3_Power,91,E,0.0377109679622795
E91_R4_Power,91,E,9.37672420685542e-05
E91_R4_Water,91,W,0.000799982628384627
E94_R1_Gas,94,G,0
E94_R2_Gas,94,G,0
E94_R3_Power,94,E,0.85515873015873
E94_R3_Gas,94,G,0
E94_R4_Gas,94,G,0
E95_R1_Power,95,E,0.0215286535177076
E96_R1_Power,96,E,0.0215189873417722
E97_R1_Power,97,E,0.00169132185140186
E97_R1_Water,97,W,0.27871078396341
E97_R1_Gas,97,G,0
E98_R1_Power,98,E,0.6
E98_R1_Water,98,W,0.35
E98_R2_Power,98,E,0.5
E98_R2_Water,98,W,0.1
E98_R3_Power,98,E,0.85
E98_R3_Water,98,W,0.85
E98_R5_Water,98,W,0.15
E98_R6_Water,98,W,0.6
E99_R1_Water,99,W,0.6
E100_R1_Power,100,E,0.0535095728542347
E100_R2_Power,100,E,0.00231808244300458
E100_R3_Power,100,E,0.0514539750010716
E100_R4_Power,100,E,0.0167313192728903
E100_R5_Power,100,E,4.96095147547448e-05
E100_R6_Power,100,E,0.00776215556772356
E100_R7_Power,100,E,0.16795411674414
E100_R8_Power,100,E,0.0320945817785898
E100_R9_Power,100,E,1
E102_R1_Power,102,E,6.67428940772652e-05
E102_R2_Power,102,E,0.014613580400266
E102_R4_Water,102,W,1
E104_R1_Power,104,E,1
E105_R1_Power,105,E,1
E106_R1_Power,106,E,1
E107_R1_Power,107,E,1
E109_R1_Power,109,E,1
E109_R1_Water,109,W,1
E111_R1_Water,111,W,0.85
E113_R1_Power,113,E,1
E115_R1_Power,115,E,0.00689345496026668
E116_R1_Power,116,E,1
E116_R1_Water,116,W,0
E117_R1_Power,117,E,0.00167510547580813
E117_R2_Water,117,W,0.214223773011918
E118_R1_Power,63,E,0
E118_R1_Water,63,W,0
E119_R1_Power,118,E,1
E122_R1_Power,121,E,0.564655
E122_R1_Water,121,W,1
E125_R1_Water,122,W,1
E127_R1_Power,124,E,0.299640431482221
E128_R1_Power,125,E,0.33
E132_R1_Power,129,E,0.392145033332328
E133_R1_Water,130,W,0
E134_R1_Power,131,E,0.25
E134_R2_Water,131,W,0.39081146060994
E134_R3_Water,131,W,0.0795008088745089
E136_R3_Power,133,E,0.4
E136_R4_Power,133,E,0.4
E140_R1_Power,137,E,0.323810119413667
E141_R1_Gas,138,G,0.00678195595885689
E142_R1_Power,139,E,0.7
E142_R1_Water,139,W,0.5
E142_R2_Power,139,E,1
E142_R2_Water,139,W,0.2
E143_R1_Power,140,E,0.0525
E143_R2_Water,140,W,0.0699675223482627
E144_R1_Power,141,E,0.3
E144_R3_Water,141,W,0.276787493633888
E144_R4_Water,141,W,0.165120860213633
E146_R1_Power,143,E,0.0261314936761785
E147_R1_Power,144,E,0.372619660319094
E147_R1_Water,144,W,1
E148_R1_Power,145,E,1
E150_R1_Power,145,E,0.0737063207210935
E150_R1_Water,145,W,0.2
E150_R4_Water,145,W,1
E151_R1_Power,146,E,1
E153_R1_Power,147,E,1
E155_R1_Power,148,E,1
E155_R2_Power,148,E,1
E156_R1_Power,149,E,0.62
E156_R1_Water,149,W,1
E156_R2_Power,149,E,0.2
E156_R3_Power,149,E,0.01
E156_R5_Power,149,E,0.65
E156_R6_Power,149,E,0.85
E156_R7_Power,149,E,0.95
E156_R8_Power,149,E,0.95
E156_R9_Power,149,E,1
E156_R10_Power,149,E,1
E156_R11_Power,149,E,0.8
E156_R12_Power,149,E,0.85
E156_R13_Power,149,E,0.25
E156_R14_Power,149,E,0.3
E156_R15_Power,149,E,0.85
E156_R16_Power,149,E,0.6
E156_R17_Power,149,E,0.75
E156_R18_Power,149,E,0.4
E156_R19_Power,149,E,0.8
E156_R20_Power,149,E,0.65
E156_R21_Power,149,E,0.8
E156_R22_Power,149,E,0.8
E156_R23_Power,149,E,0.9
E156_R24_Power,149,E,0.8
E156_R25_Power,149,E,0.9
E156_R26_Power,149,E,0.9
E156_R27_Power,149,E,0.05
E157_R1_Power,150,E,0.0886153846153847
E157_R1_Water,150,W,0.0246153846153846
E157_R2_Power,150,E,0.225350573003018
E157_R3_Power,150,E,0.0817266130098693
E157_R4_Power,150,E,0.0108692829725259
E157_R5_Power,150,E,0.0697496219422087
E157_R6_Power,150,E,0.000251444883651253
E157_R7_Power,150,E,7.73087712323539e-05
E157_R8_Power,150,E,0.000103626282175973
E159_R1_Power,152,E,0.1
E159_R1_Gas,152,G,1
E159_R2_Power,152,E,1
E159_R2_Gas,152,G,1
E160_R1_Power,153,E,0.00282006570753102
E160_R1_Water,153,W,0.0075069326523044
E160_R2_Water,153,W,1
E161_R1_Power,154,E,0.0109367425729139
E161_R2_Power,154,E,0.00362266164388225
E161_R3_Power,154,E,0.00860184302865308
E161_R4_Power,154,E,0.019549086894733
E161_R5_Power,154,E,0.000343521939601188
E161_R6_Power,154,E,0.00125165459253473
E163_R1_Power,156,E,1
E163_R3_Power,156,E,1
E164_R1_Power,157,E,0.000190311254055997
E164_R1_Water,157,W,1.90311254056009e-05
E164_R1_Gas,157,G,0
E164_R2_Power,157,E,0
E164_R2_Water,157,W,0
E164_R3_Power,157,E,0.00881173723399568
E165_R5_Power,158,E,0
E167_R1_Water,160,W,1
E169_R2_Power,161,E,1
E169_R10_Power,161,E,0
E170_R1_Power,162,E,0
E170_R3_Power,162,E,0
E171_R1_Power,163,E,1
E171_R2_Power,163,E,1
E171_R3_Power,163,E,1
E172_R1_Power,164,E,0.00126604879157266
E173_R1_Power,165,E,0.00371837749479409
E173_R2_Power,165,E,0.00813533392861787
E173_R3_Power,165,E,0.168036976039951
E173_R4_Power,165,E,0.00381206702661885
E173_R5_Power,165,E,0.0570052693090047
E173_R6_Power,165,E,0.0306849315068493
E174_R1_Power,166,E,0.0293854657779223
E175_R1_Gas,167,G,0.00600000000000001
E175_R2_Gas,167,G,0.086
E175_R4_Gas,167,G,0.201
E175_R5_Power,167,E,0.246481834288813
E175_R6_Power,167,E,0.0454535326752969
E176_R2_Water,168,W,0.8
E177_R1_Power,169,E,0.0309813337464178
E179_R1_Gas,169,G,0
E179_R2_Water,169,W,0
E185_R1_Water,172,W,1
E187_R3_Power,174,E,0.0087280922431866
E188_R1_Gas,175,G,0.421099290780142
E188_R2_Gas,175,G,0.000254178608678885
E188_R3_Power,175,E,1
E190_R1_Power,69,E,1
E191_R1_Power,177,E,0.00824082818095968
E191_R1_Water,177,W,0.0211588831673289
E191_R2_Water,177,W,0.000578357105228314
E192_R1_Power,178,E,1
E192_R1_Water,178,W,0.85
E192_R1_Gas,178,G,1
E192_R2_Power,178,E,0.6
E192_R2_Water,178,W,0.8983
E192_R2_Gas,178,G,1
E192_R3_Power,178,E,0.70138
E192_R3_Water,178,W,1
E192_R3_Gas,178,G,1
E192_R4_Gas,178,G,1
E192_R5_Gas,178,G,1
E192_R6_Gas,178,G,1
E192_R7_Gas,178,G,1
E192_R8_Gas,178,G,1
E192_R9_Power,178,E,0.2
E192_R10_Power,178,E,0.799350121852153
E192_R11_Power,178,E,0.76
E192_R12_Power,178,E,0.79
E192_R13_Power,178,E,1
E192_R13_Water,178,W,0.85
E192_R14_Power,178,E,0.73
E192_R35_Power,178,E,0.25
E193_R1_Power,179,E,1
E193_R1_Water,179,W,0.0130000097793454
E193_R1_Gas,179,G,0
E193_R2_Power,179,E,1
E193_R2_Water,179,W,0.403000047377842
E193_R2_Gas,179,G,0
E193_R3_Power,179,E,1
E193_R3_Water,179,W,0.709999944827891
E193_R3_Gas,179,G,0.412903526260115
E193_R4_Power,179,E,0.416207682083924
E193_R4_Water,179,W,0.641999542089598
E193_R4_Gas,179,G,0.00378194047120262
E193_R5_Power,179,E,0.756519366305559
E193_R5_Water,179,W,0.805000336665484
E193_R5_Gas,179,G,0.0349647329914894
E193_R6_Power,179,E,0.120663922902454
E193_R6_Water,179,W,0.284000671253566
E193_R6_Gas,179,G,0
E193_R7_Power,179,E,0.137719483732289
E193_R7_Water,179,W,0.140000018618385
E193_R7_Gas,179,G,0
E193_R8_Power,179,E,0.332344047704203
E193_R8_Water,179,W,0.001
E193_R8_Gas,179,G,1.04044062660957e-05
E193_R9_Gas,179,G,0.0320054901432255
E193_R10_Power,179,E,0.0160570417944473
E193_R10_Water,179,W,0.003
E193_R11_Power,179,E,0.761697898616424
E193_R11_Water,179,W,0.213000314486165
E193_R12_Power,179,E,0.298408481044147
E193_R12_Water,179,W,0.00699999169961459
E193_R13_Power,179,E,0.442476984996384
E193_R13_Water,179,W,0.063000393752461
E193_R14_Power,179,E,0.0808003487856827
E193_R14_Water,179,W,0.002
E193_R15_Power,179,E,0.909090909090909
E193_R15_Water,179,W,0.168999806494283
E193_R16_Power,179,E,0.784313725490196
E193_R16_Water,179,W,0.0369999512467701
E193_R17_Power,179,E,0
E193_R17_Water,179,W,0.022000061711253
E193_R18_Water,179,W,0.738024580102857
E193_R19_Water,179,W,0.988547322992023
E193_R20_Water,179,W,1
E193_R21_Water,179,W,1
E193_R22_Water,179,W,1
E193_R23_Water,179,W,1
E193_R24_Water,179,W,0.399776469071057
E193_R25_Water,179,W,0.119206017142233
E193_R26_Water,179,W,0.985234663385481
E193_R27_Water,179,W,1
E193_R28_Water,179,W,0.00700035001750087
E193_R29_Water,179,W,0.0259998951617131
E193_R30_Water,179,W,0.005
E193_R31_Water,179,W,0.0444034039430072
E194_R1_Power,180,E,0.570583262890955
E194_R1_Water,180,W,0.0421860465116279
E194_R2_Water,180,W,1
E194_R3_Water,180,W,0.181640352102836
E195_R1_Power,181,E,0.00521611675755751
E195_R2_Power,181,E,0.638992537313433
E195_R3_Power,181,E,0.198821796759941
E195_R4_Power,181,E,0.0122458976242958
E195_R5_Power,181,E,0.00108473315564372
E195_R6_Power,181,E,0.053763440860215
E195_R7_Power,181,E,1
E198_R1_Power,184,E,0.100843486410497
E198_R1_Gas,184,G,0.0454857856919713
E198_R2_Power,184,E,0.958915275040874
E198_R3_Power,184,E,0.0252220427937021
E198_R4_Power,184,E,0.0484896507115136
E198_R5_Power,184,E,0.666047087980174
E198_R6_Power,184,E,0.244755244755245
E199_R1_Power,185,E,1
E203_R1_Power,189,E,1
E204_R2_Power,190,E,1
E204_R3_Power,190,E,0.285714285714286
E205_R1_Power,191,E,0.11
E205_R1_Water,191,W,0.364278819008069
E205_R1_Gas,191,G,1
E205_R4_Water,191,W,0.285665412247691
E205_R5_Power,191,E,0.1
E205_R6_Power,191,E,0.3
E205_R7_Power,191,E,0.136354782157003
E205_R7_Water,191,W,0.670229612034838
E205_R9_Water,191,W,0.901157235375305
E208_R1_Power,193,E,0
E209_R2_Power,194,E,0.0208955223880597
E209_R3_Water,194,W,0.00221857390069663
E210_R1_Power,195,E,0.178293503625302
E213_R1_Power,198,E,0.21087160262418
E213_R1_Water,198,W,0.0558283084060506
E213_R4_Water,198,W,0.477238707405125
E213_R5_Water,198,W,0.195386578091418
E213_R6_Water,198,W,0.105409251418633
E213_R7_Water,198,W,0.00141545282513496
E214_R1_Water,199,W,0
E215_R1_Water,200,W,0.0826346117825938
E216_R1_Power,201,E,0.00227899623889654
E216_R2_Power,201,E,0
E217_R1_Power,202,E,0.010000178521485
E217_R1_Water,202,W,0.594779619281566
E217_R1_Gas,202,G,0.00189139918931538
E217_R2_Power,202,E,1
E217_R3_Power,202,E,0.359298417160667
E217_R4_Power,202,E,1
E217_R5_Power,202,E,1
E217_R6_Power,202,E,1
E217_R7_Power,202,E,1
E217_R8_Power,202,E,1
E217_R9_Water,202,W,0.00304188678097406
E219_R1_Gas,204,G,0
E219_R2_Power,204,E,0.000215831219985918
E219_R2_Gas,204,G,0
E219_R3_Gas,204,G,0
E219_R4_Gas,204,G,0
E219_R5_Gas,204,G,0
E220_R2_Water,205,W,0
E222_R1_Power,206,E,0
E222_R1_Water,206,W,0
E222_R1_Gas,206,G,0
E225_R1_Power,208,E,0.028
E225_R1_Water,208,W,0.1
E226_R1_Water,209,W,0
E226_R1_Gas,209,G,1
E227_R1_Gas,210,G,1
E228_R1_Power,211,E,0.0149224664670513
E229_R1_Power,212,E,0.0218969564817832
E229_R2_Power,212,E,0
E230_R1_Power,213,E,0.0199494945296824
E231_R1_Power,214,E,0.0777269307326737
E231_R1_Gas,214,G,0.0261005093327964
E232_R1_Power,215,E,1
E233_R1_Power,216,E,1
E235_R1_Power,218,E,0.0386892258808863
E235_R1_Water,218,W,0.0192836803365601
E235_R2_Water,218,W,0.0241464012952393
E235_R3_Water,218,W,0.0430793430471143
E236_R1_Power,219,E,0.885625
E236_R2_Water,219,W,0.727272727272727
E237_R1_Power,220,E,1
E237_R1_Water,220,W,0.005
E237_R2_Water,220,W,0.907123511345523
E237_R3_Water,220,W,0.619458062689156
E237_R4_Water,220,W,0.600040002666844
E237_R5_Water,220,W,0.571964583952962
E237_R6_Water,220,W,0.324124593493739
E238_R1_Gas,221,G,0.256111095301784
E240_R1_Power,223,E,0.015625
E240_R1_Gas,223,G,0.000125
E242_R1_Power,225,E,1
E243_R2_Power,226,E,0
E245_R1_Power,228,E,0.109101349411427
E246_R1_Power,229,E,0.095250190500381
E246_R2_Power,229,E,1
E246_R3_Power,229,E,0.338495388000339
E247_R1_Power,230,E,0.132186240294348
E248_R1_Water,231,W,1
E250_R1_Power,233,E,0
E250_R1_Water,233,W,0
E251_R1_Power,234,E,0.0698282848443869
E251_R2_Water,234,W,0.0476124977516321
E252_R1_Water,235,W,0.285306704707561
E253_R1_Power,236,E,1
E256_R1_Power,239,E,0.8
E256_R1_Water,239,W,0.8333
E258_R1_Power,241,E,0.00031475641001429
E258_R1_Water,241,W,0
E258_R1_Gas,241,G,0
E259_R1_Power,242,E,0.0860585197934595
E259_R1_Water,242,W,0
E260_R1_Power,243,E,0.0472143531633617
E260_R2_Power,243,E,0
