effect_id,group,reported_contrast,estimate_log_T90,se_cr2,satterthwaite_df,estimate,ci95_low,ci95_high,p_value,record_set,effect_scale,ci_method,order
pga_0p1g,Service-region context,0.1 g service-region mean PGA,0.275905362331506,0.069514532500696,9.96654931099502,1.31772315187935,1.1285649138613,1.53858611380881,0.00266492635554696,D0_aligned_T90_record_set,adjusted T90 factor,CR2 Satterthwaite,1
earthquake_year_10y,Service-region context,Ten-year earthquake year,-0.165369820286241,0.142409990361313,19.708418477325,0.847580193770379,0.629572755294897,1.14107889648962,0.259422925372482,D0_aligned_T90_record_set,adjusted T90 factor,CR2 Satterthwaite,2
population_doubling,Population,Twofold matched service-region population,0.0744955252558813,0.029223130718906,20.616436831818,1.0773405226883,1.01374741706281,1.14492286963271,0.0188370910975758,D0_aligned_T90_record_set,adjusted T90 factor,CR2 Satterthwaite,3
water_vs_electric,Lifeline system,Water supply versus electric power,1.92666838390699,0.17223407783205,20.2885877477811,6.86659523159125,4.79570978496826,9.83173131583145,3.9378001444412e-10,D0_aligned_T90_record_set,adjusted T90 factor,CR2 Satterthwaite,4
gas_vs_electric,Lifeline system,Natural gas versus electric power,2.13612795011414,0.267072787580894,15.8314515268452,8.46659101528702,4.80409486613272,14.9212630927589,5.97929655209192e-07,D0_aligned_T90_record_set,adjusted T90 factor,CR2 Satterthwaite,5
income_LowIncome,Service-region income group,Low income versus high income,0.658937706677036,1.37639021849127,1.02131161264144,1.93273810871217,1.1360731574099e-07,32880599.0398076,0.714419921993668,D0_aligned_T90_record_set,adjusted T90 factor,CR2 Satterthwaite,6
income_LowerMiddleIncome,Service-region income group,Lower middle income versus high income,0.953539141171965,0.449800055020504,10.5375962399016,2.59487706363003,0.959070904753537,7.02073949066733,0.058653455437164,D0_aligned_T90_record_set,adjusted T90 factor,CR2 Satterthwaite,7
income_UpperMiddleIncome,Service-region income group,Upper middle income versus high income,0.879121592186238,0.404881219468741,15.3101161172555,2.40878288313007,1.01781450920233,5.70068015890993,0.0460145439008539,D0_aligned_T90_record_set,adjusted T90 factor,CR2 Satterthwaite,8
D0_doubling,Initial disruption,Twofold positive D0,0.122349991332061,0.0191765993617219,23.3194313605858,1.13014957512539,1.08622699604514,1.17584820374232,1.54173567213906e-06,D0_aligned_T90_record_set,adjusted T90 factor,CR2 Satterthwaite,9
