record_id,eid,sys,T90
E1_R1_Power,1,E,0.710474576271187
E1_R1_Gas,1,G,28.3636363636364
E1_R2_Power,1,E,0.819337937384899
E1_R2_Water,1,W,4.68197582764057
E2_R1_Power,2,E,3.45041336633663
E2_R1_Water,2,W,11.1559288702929
E2_R1_Gas,2,G,26.7041993499458
E2_R2_Water,2,W,27.2939836065574
E2_R3_Water,2,W,5.8760944
E2_R4_Water,2,W,0.8649
E2_R5_Water,2,W,21.9378232848233
E2_R6_Water,2,W,39.5350512820513
E2_R7_Water,2,W,3.790125
E2_R8_Water,2,W,10.1206328502415
E2_R9_Water,2,W,4.89189302325581
E2_R10_Water,2,W,7.19483606557377
E2_R11_Water,2,W,8.41516216216216
E2_R12_Water,2,W,6.65149541284404
E2_R14_Water,2,W,3.58811764705882
E2_R15_Water,2,W,0.8649
E2_R16_Water,2,W,4.79877142857143
E2_R17_Water,2,W,7.5738
E2_R18_Water,2,W,2.78446610169492
E2_R19_Water,2,W,4.8318
E2_R20_Water,2,W,1.94494339622642
E2_R21_Water,2,W,3.18969444444444
E2_R22_Water,2,W,2.6815
E2_R23_Water,2,W,3.3687461928934
E2_R24_Water,2,W,2.6815
E2_R25_Water,2,W,2.6815
E2_R26_Water,2,W,2.6815
E2_R27_Water,2,W,0.8649
E2_R28_Water,2,W,2.6815
E2_R29_Water,2,W,2.67346428571429
E2_R30_Water,2,W,1.5982
E2_R31_Water,2,W,2.6815
E2_R32_Water,2,W,2.6815
E2_R33_Water,2,W,1.5982
E2_R34_Water,2,W,2.6815
E2_R35_Water,2,W,2.6815
E2_R36_Water,2,W,0.8649
E3_R1_Power,3,E,1.66666666666667
E3_R1_Gas,3,G,57.6801859088492
E3_R2_Water,3,W,39.3685714285714
E3_R3_Water,3,W,39.385023400936
E3_R4_Water,3,W,36.2823529411765
E3_R5_Water,3,W,53.8453884851873
E3_R6_Water,3,W,38.9348578491965
E3_R7_Water,3,W,18.0232899770467
E3_R8_Water,3,W,47.4104464285714
E3_R9_Water,3,W,6.67758186397985
E3_R10_Water,3,W,34.5837837837838
E5_R1_Power,5,E,8.33333333333334
E5_R1_Water,5,W,26.5184965109547
E6_R1_Power,6,E,3.05593488372093
E6_R1_Water,6,W,7.44681785714286
E6_R2_Gas,6,G,8.76951282051282
E6_R3_Gas,6,G,13.6441433740389
E6_R4_Gas,6,G,12.4972847608454
E6_R5_Gas,6,G,11.9237586206897
E6_R6_Gas,6,G,10.3808577279586
E6_R7_Gas,6,G,13.3201480931154
E6_R8_Gas,6,G,11.5690737704918
E6_R9_Power,6,E,2.2045085106383
E6_R10_Power,6,E,2.14801071428571
E6_R11_Power,6,E,0.78254
E6_R11_Water,6,W,4.27697872340426
E6_R12_Power,6,E,1.2746
E6_R12_Water,6,W,8.40690909090909
E6_R13_Power,6,E,1.2746
E6_R13_Water,6,W,9.22185613280049
E6_R14_Power,6,E,0.499
E6_R14_Water,6,W,1.2222
E6_R15_Power,6,E,0.499
E6_R15_Water,6,W,3.2788
E6_R16_Power,6,E,0.2466
E6_R17_Power,6,E,1.31297876106195
E6_R18_Power,6,E,0.499
E6_R19_Power,6,E,2.13346153846154
E6_R20_Power,6,E,0.499
E6_R21_Power,6,E,0.2466
E6_R22_Power,6,E,1.24148529411765
E6_R23_Power,6,E,2.0661
E6_R23_Water,6,W,25.3413565217391
E6_R24_Power,6,E,2.00544545454545
E6_R24_Water,6,W,16.9931428571429
E6_R25_Power,6,E,2.28889714285714
E6_R26_Power,6,E,2.73005714285714
E6_R26_Water,6,W,20.5216197654941
E6_R27_Power,6,E,0.51775
E6_R27_Water,6,W,11.1871956521739
E6_R28_Power,6,E,3.2524
E6_R28_Water,6,W,5.43042307692308
E6_R29_Power,6,E,3.56492307692308
E6_R29_Water,6,W,15.7458438287154
E6_R30_Power,6,E,0.499
E6_R30_Water,6,W,1.4094
E6_R31_Power,6,E,0.499
E6_R31_Water,6,W,5.216
E6_R32_Power,6,E,0.2466
E6_R32_Water,6,W,6.216
E6_R33_Power,6,E,3.54815
E6_R33_Water,6,W,6.216
E6_R34_Water,6,W,27.4142482269504
E6_R35_Power,6,E,1.2746
E6_R36_Power,6,E,1.72706543209877
E6_R37_Water,6,W,6.216
E6_R38_Water,6,W,4.60171428571429
E6_R39_Water,6,W,4.79313902439024
E6_R40_Water,6,W,2.1222
E6_R41_Water,6,W,2.1222
E6_R42_Water,6,W,3.0591
E6_R43_Water,6,W,7.066
E6_R44_Water,6,W,0.5094
E6_R45_Water,6,W,9.14499239543726
E6_R50_Water,6,W,0.5094
E6_R51_Water,6,W,18.0224
E6_R52_Water,6,W,0.5094
E6_R53_Water,6,W,0.5094
E6_R56_Water,6,W,0.5094
E6_R57_Water,6,W,0.5094
E6_R59_Water,6,W,0.5094
E6_R60_Water,6,W,0.5094
E8_R1_Power,8,E,0.330195121951219
E9_R1_Water,9,W,1.5373125
E9_R2_Water,9,W,0.9921
E9_R4_Power,9,E,1.4544
E9_R4_Water,9,W,3.97364705882353
E9_R5_Power,9,E,1.4544
E9_R6_Power,9,E,0.2124
E9_R7_Power,9,E,0.385483
E9_R7_Water,9,W,2.70942857142857
E9_R8_Power,9,E,0.3292
E9_R8_Water,9,W,1.59287
E9_R9_Water,9,W,8.93268831168831
E9_R10_Water,9,W,0.9921
E9_R11_Water,9,W,1.0877
E9_R12_Water,9,W,0.928596153846154
E9_R13_Water,9,W,1.0877
E9_R14_Water,9,W,0.7686
E9_R15_Water,9,W,0.7686
E10_R1_Power,10,E,2.39551202694035
E10_R1_Water,10,W,10.9607961783439
E10_R1_Gas,10,G,27.111154294032
E10_R2_Power,10,E,2.81394951923077
E10_R2_Water,10,W,13.5
E10_R2_Gas,10,G,37.5414528301887
E10_R3_Power,10,E,0.2169
E10_R3_Water,10,W,0.96906400550585
E10_R3_Gas,10,G,0.952066666666667
E10_R4_Power,10,E,0.3913
E10_R4_Water,10,W,1.87195833333333
E10_R4_Gas,10,G,2.658
E10_R5_Power,10,E,0.2169
E10_R5_Water,10,W,0.95615
E11_R1_Gas,11,G,1.0044
E11_R2_Power,11,E,0.28483167760075
E11_R2_Water,11,W,11.5743646666667
E11_R3_Power,11,E,0.296346552559341
E11_R3_Water,11,W,12.8516545454545
E11_R4_Power,11,E,0.259294422165512
E11_R4_Water,11,W,12.6667124497992
E11_R5_Water,11,W,12.29
E11_R6_Water,11,W,51.5828
E11_R7_Water,11,W,2.74701223902088
E11_R9_Water,11,W,0.2599
E11_R10_Water,11,W,11.062
E12_R1_Power,12,E,1.6038
E12_R1_Water,12,W,3.32108292944888
E12_R2_Power,12,E,1.94182432629279
E12_R2_Water,12,W,2.93164298018949
E12_R3_Power,12,E,0.4282
E12_R3_Water,12,W,0.783
E12_R4_Power,12,E,0.7834
E12_R4_Water,12,W,0.783
E12_R5_Power,12,E,0.7957
E12_R5_Water,12,W,0.783
E12_R6_Power,12,E,0.8019
E12_R6_Water,12,W,1.3429
E12_R7_Power,12,E,0.829
E12_R7_Water,12,W,1.3429
E12_R8_Power,12,E,0.8407
E12_R8_Water,12,W,0.783
E12_R9_Power,12,E,0.8734
E12_R9_Water,12,W,0.783
E12_R10_Power,12,E,0.9094
E12_R10_Water,12,W,0.783
E12_R11_Power,12,E,0.9213
E12_R11_Water,12,W,0.783
E12_R12_Power,12,E,0.9472
E12_R12_Water,12,W,0.783
E12_R13_Power,12,E,1.3891
E12_R13_Water,12,W,0.783
E12_R14_Power,12,E,1.4967
E12_R14_Water,12,W,3.3078
E12_R15_Power,12,E,1.4974
E12_R15_Water,12,W,3.11676666666667
E12_R16_Power,12,E,1.5023
E12_R16_Water,12,W,3.3078
E12_R17_Power,12,E,1.51
E12_R17_Water,12,W,2.27
E12_R18_Power,12,E,1.5329
E12_R18_Water,12,W,0.9891
E12_R19_Power,12,E,1.5714
E12_R19_Water,12,W,0.783
E12_R20_Power,12,E,1.5907
E12_R20_Water,12,W,2.9952
E12_R21_Power,12,E,1.5948
E12_R21_Water,12,W,3.3078
E12_R22_Power,12,E,1.5949
E12_R22_Water,12,W,0.783
E12_R23_Power,12,E,1.6015
E12_R23_Water,12,W,0.783
E12_R24_Power,12,E,1.6288
E12_R24_Water,12,W,0.783
E12_R25_Power,12,E,1.6274
E12_R25_Water,12,W,3.3078
E12_R26_Power,12,E,1.6282
E12_R26_Water,12,W,3.3078
E12_R27_Power,12,E,1.63
E12_R28_Power,12,E,1.6373
E12_R29_Power,12,E,1.6411
E12_R29_Water,12,W,0.783
E12_R30_Power,12,E,1.6453
E12_R30_Water,12,W,2.27
E12_R31_Power,12,E,1.6453
E12_R31_Water,12,W,3.28894027149321
E12_R32_Power,12,E,1.6804
E12_R32_Water,12,W,3.3078
E12_R33_Power,12,E,1.6832
E12_R34_Power,12,E,1.7593
E12_R34_Water,12,W,0.783
E12_R35_Power,12,E,1.7614
E12_R35_Water,12,W,2.2970796460177
E12_R36_Power,12,E,1.8
E12_R36_Water,12,W,20.6804055555556
E12_R37_Power,12,E,1.9093
E12_R37_Water,12,W,2.27
E12_R38_Power,12,E,2.0143
E12_R38_Water,12,W,0.783
E12_R39_Power,12,E,2.133
E12_R39_Water,12,W,3.3078
E12_R40_Power,12,E,2.3392
E12_R40_Water,12,W,13.0974202072539
E12_R41_Power,12,E,2.6048
E12_R41_Water,12,W,10.690212972973
E12_R42_Power,12,E,2.6209
E12_R42_Water,12,W,5.0662
E12_R43_Power,12,E,5.2452
E12_R43_Water,12,W,5.06322853598015
E12_R44_Water,12,W,0.783
E12_R45_Water,12,W,0.783
E12_R46_Water,12,W,0.783
E12_R47_Water,12,W,0.783
E12_R48_Water,12,W,3.3078
E13_R1_Water,13,W,4.17966666666667
E13_R1_Gas,13,G,1.9448
E13_R2_Water,13,W,9.19601224489796
E13_R2_Gas,13,G,2.7016
E13_R3_Water,13,W,23.8934615384615
E13_R3_Gas,13,G,2.9722
E13_R4_Power,13,E,57.268
E13_R4_Water,13,W,47.9317391304348
E13_R4_Gas,13,G,2.9722
E13_R5_Water,13,W,2.91787419354839
E13_R5_Gas,13,G,3.9255
E13_R6_Power,13,E,30.0444705882353
E13_R6_Water,13,W,152.086470588235
E13_R6_Gas,13,G,3.9255
E13_R7_Power,13,E,27.068
E13_R7_Water,13,W,80.8951353228432
E13_R8_Power,13,E,0.574724409448819
E13_R9_Power,13,E,0.976
E13_R9_Water,13,W,1.55014285714286
E13_R10_Power,13,E,1.5361
E13_R10_Water,13,W,4.87964695652174
E13_R11_Power,13,E,0.5722
E13_R11_Water,13,W,0.9763
E13_R12_Power,13,E,38.2316363636364
E13_R12_Water,13,W,138.67
E13_R13_Power,13,E,12.6909568345324
E13_R13_Water,13,W,91.2736363636364
E13_R14_Power,13,E,11.4444
E13_R14_Water,13,W,56.3310526315789
E13_R15_Power,13,E,2.76082608695652
E13_R15_Water,13,W,78.785
E13_R16_Power,13,E,0.1222
E13_R16_Water,13,W,1.5555
E13_R17_Power,13,E,0.1222
E13_R17_Water,13,W,2.8554587628866
E13_R18_Power,13,E,17.7722
E13_R18_Water,13,W,15.5724285714286
E13_R19_Water,13,W,0.8937
E13_R20_Water,13,W,0.8937
E13_R21_Water,13,W,1.82815714285714
E13_R22_Water,13,W,0.8937
E13_R23_Water,13,W,1.539875
E13_R24_Water,13,W,1.92937823834197
E13_R25_Water,13,W,2.7873
E13_R26_Water,13,W,3.5193466070703
E13_R27_Water,13,W,12.0256262626263
E13_R28_Water,13,W,2.5493
E13_R29_Water,13,W,9.5814
E13_R30_Water,13,W,2.91044279661017
E13_R31_Water,13,W,11.3885
E13_R32_Water,13,W,3.5659
E13_R33_Water,13,W,1.4562
E13_R34_Water,13,W,1.4562
E13_R35_Water,13,W,0.992597590361446
E13_R36_Water,13,W,0.7434
E13_R37_Water,13,W,0.7434
E13_R38_Water,13,W,1.5555
E13_R39_Water,13,W,0.7434
E14_R1_Power,14,E,0.0414
E14_R2_Power,14,E,0.138686363636364
E14_R3_Power,14,E,0.243531265147843
E14_R4_Power,14,E,0.0612
E14_R5_Power,14,E,0.054
E14_R5_Water,14,W,1.498675
E14_R6_Water,14,W,0.5068
E14_R7_Water,14,W,0.690720588235294
E14_R8_Water,14,W,3.36966666666667
E14_R9_Water,14,W,0.6863
E14_R10_Water,14,W,1.1899
E14_R11_Water,14,W,1.1196
E14_R12_Water,14,W,1.5446
E14_R13_Water,14,W,1.5446
E14_R14_Water,14,W,1.5446
E14_R15_Water,14,W,1.17542253521127
E14_R16_Water,14,W,0.6863
E14_R17_Water,14,W,4.953
E14_R18_Water,14,W,4.953
E14_R19_Water,14,W,1.5446
E14_R20_Water,14,W,0.2196
E14_R21_Water,14,W,0.2196
E14_R22_Water,14,W,1.4202
E15_R1_Power,15,E,0.4014
E15_R1_Water,15,W,1.4772
E15_R2_Power,15,E,0.437333187155874
E15_R3_Power,15,E,0.315
E15_R4_Power,15,E,0.0917
E15_R5_Power,15,E,0.0917930841121495
E15_R6_Power,15,E,0.359469162436548
E15_R7_Power,15,E,0.5372
E15_R8_Power,15,E,0.512038929079697
E15_R9_Power,15,E,0.0917
E15_R10_Power,15,E,0.2586
E15_R10_Water,15,W,1.4022
E15_R11_Water,15,W,4.2435868746638
E15_R12_Water,15,W,1.233
E15_R13_Water,15,W,1.4772
E15_R14_Water,15,W,1.233
E15_R15_Water,15,W,1.233
E15_R16_Water,15,W,2.3024
E15_R17_Water,15,W,1.4772
E15_R18_Water,15,W,0.5022
E15_R19_Water,15,W,4.26251282051282
E15_R20_Water,15,W,4.28840591966173
E15_R21_Water,15,W,2.3024
E15_R22_Water,15,W,3.91248755186722
E15_R23_Water,15,W,4.29188274706868
E15_R24_Water,15,W,1.233
E15_R25_Water,15,W,1.4772
E15_R28_Water,15,W,1.4772
E15_R29_Water,15,W,5.22203148462097
E15_R30_Water,15,W,1.47663880597015
E16_R1_Power,16,E,1.05155203426124
E16_R1_Water,16,W,3.2
E16_R1_Gas,16,G,16.6535381869183
E16_R2_Power,16,E,0.944273913043478
E17_R1_Power,17,E,0.538209718670077
E17_R1_Water,17,W,4.21034482758621
E17_R1_Gas,17,G,17.3686206896552
E17_R2_Power,17,E,0.2854763491006
E18_R1_Water,18,W,3.92640579258798
E18_R1_Gas,18,G,1.8
E18_R2_Power,18,E,1.2609
E18_R2_Water,18,W,8.874
E18_R3_Power,18,E,1.2609
E18_R3_Water,18,W,9.0307
E18_R4_Water,18,W,6.08153078202995
E18_R5_Water,18,W,9.0307
E19_R1_Water,19,W,2.8
E20_R1_Power,20,E,0.513662080536914
E21_R1_Power,21,E,0.0036
E22_R1_Power,22,E,0.679162157518404
E22_R5_Power,22,E,0.559
E22_R5_Water,22,W,5.5
E23_R1_Gas,23,G,0.3141
E23_R2_Power,23,E,0.0891
E24_R1_Power,24,E,0.0699
E24_R1_Water,24,W,1.18243581223382
E24_R1_Gas,24,G,6.10536823935558
E24_R2_Power,24,E,0.1127
E24_R2_Gas,24,G,6.22055240324424
E24_R3_Power,24,E,0.0699
E24_R3_Gas,24,G,6.22329425287356
E24_R4_Power,24,E,0.0705433374844334
E24_R4_Water,24,W,0.6012
E24_R4_Gas,24,G,5.67827719298246
E24_R5_Power,24,E,0.0699
E24_R6_Power,24,E,0.0699
E24_R7_Power,24,E,0.0699
E24_R7_Water,24,W,1.2933
E24_R8_Power,24,E,0.0699
E24_R9_Power,24,E,0.1127
E25_R1_Gas,25,G,0.4267
E25_R2_Water,25,W,1.0879
E25_R3_Water,25,W,1.0879
E25_R4_Water,25,W,0.1485
E25_R5_Water,25,W,0.1485
E25_R6_Water,25,W,0.3546
E25_R7_Water,25,W,0.3546
E26_R2_Power,26,E,1.2672
E26_R2_Water,26,W,6.129
E27_R1_Power,27,E,0.2736
E27_R1_Water,27,W,0.9
E27_R2_Water,27,W,1.9
E27_R3_Water,27,W,0.2736
E28_R2_Water,28,W,1.244
E28_R3_Water,28,W,1.244
E28_R5_Water,28,W,0.3096
E29_R1_Power,29,E,0.307052325581395
E29_R1_Water,29,W,0.5859
E29_R2_Power,29,E,0.0828052316419792
E29_R2_Water,29,W,0.5859
E29_R2_Gas,29,G,0.4923
E29_R3_Power,29,E,0.4446
E29_R3_Water,29,W,0.5859
E29_R4_Power,29,E,0.1053
E30_R1_Water,30,W,1.79765
E31_R1_Power,31,E,0.1125
E31_R1_Water,31,W,2.46191205673759
E32_R1_Power,32,E,0.1503
E32_R1_Water,32,W,0.2331
E33_R1_Power,33,E,0.099
E33_R1_Gas,33,G,0.207
E34_R1_Power,34,E,0.1314
E34_R1_Water,34,W,2.52733379344962
E34_R1_Gas,34,G,2.7
E34_R2_Water,34,W,2.52735849056604
E34_R3_Water,34,W,2.517
E34_R4_Water,34,W,0.783
E34_R5_Water,34,W,0.783
E34_R6_Water,34,W,0.783
E34_R7_Water,34,W,0.783
E35_R1_Gas,35,G,0.2277
E35_R2_Power,35,E,0.897846153846155
E35_R2_Water,35,W,19.0073470588235
E35_R3_Water,35,W,0.3937
E35_R4_Water,35,W,5.55064117647059
E35_R5_Water,35,W,19.1963264705882
E35_R6_Water,35,W,9.85148105263158
E35_R7_Water,35,W,5.3506
E35_R8_Water,35,W,2.1727
E35_R9_Water,35,W,1.5988
E35_R10_Water,35,W,1.5988
E36_R1_Power,36,E,0.0576
E37_R1_Gas,37,G,0.5157
E39_R1_Power,39,E,0.8838
E39_R1_Water,39,W,1.4652
E39_R2_Power,39,E,0.8838
E39_R2_Water,39,W,6.10976923076923
E39_R3_Power,39,E,0.8838
E39_R3_Water,39,W,1.4652
E39_R4_Power,39,E,0.8838
E40_R1_Water,40,W,0.2493
E41_R1_Power,41,E,0.1125
E41_R2_Water,41,W,2.9133
E42_R1_Water,42,W,1.0215
E42_R2_Water,42,W,0.7587
E42_R3_Water,42,W,0.7587
E42_R4_Power,42,E,0.2448
E43_R1_Power,43,E,0.0396
E43_R2_Water,43,W,0.2502
E44_R1_Power,44,E,0.0117
E45_R1_Water,45,W,6.7941
E45_R2_Power,45,E,0.0666
E46_R1_Gas,46,G,0.6795
E46_R2_Power,46,E,0.864
E47_R1_Gas,47,G,2.61
E47_R2_Water,47,W,18.7353
E47_R2_Gas,47,G,0.5472
E47_R4_Power,47,E,0.081
E47_R5_Water,47,W,2.682
E48_R1_Gas,48,G,2.7585
E48_R2_Gas,48,G,2.7585
E48_R6_Power,48,E,0.1377
E49_R1_Power,49,E,0.0738
E49_R2_Power,49,E,0.0738
E49_R3_Power,49,E,0.1107
E49_R4_Power,49,E,0.0738
E49_R5_Power,49,E,0.0738
E50_R1_Water,50,W,1.69937378640777
E53_R1_Power,53,E,0.0873
E54_R1_Power,54,E,0.482285714285714
E55_R1_Power,55,E,0.0769462857142857
E57_R1_Gas,57,G,8.1
E57_R3_Water,57,W,1
E58_R1_Power,58,E,0.998727272727273
E59_R1_Power,59,E,3.75
E59_R1_Water,59,W,27.5742573564356
E62_R1_Power,62,E,6.3
E62_R1_Water,62,W,12.6
E62_R2_Power,62,E,15.3
E62_R3_Power,62,E,2.7
E62_R3_Water,62,W,9
E63_R1_Power,63,E,0.9
E64_R1_Power,64,E,9.52763819095477
E64_R1_Water,64,W,14.1065830721003
E64_R2_Gas,64,G,21.6
E64_R4_Water,64,W,22.5
E64_R6_Water,64,W,59.4
E65_R1_Water,65,W,5.6
E65_R3_Water,65,W,4.5
E65_R4_Power,65,E,3.82978723404255
E65_R4_Water,65,W,6
E65_R5_Water,65,W,4.5
E66_R2_Power,66,E,0.7254
E66_R3_Water,66,W,2.1843
E68_R1_Power,68,E,12.6
E70_R1_Power,70,E,1.00278553567994
E70_R1_Water,70,W,0.328847954482666
E70_R2_Gas,70,G,1.518
E71_R1_Power,71,E,0.3177
E71_R2_Power,71,E,0.3141
E71_R3_Power,71,E,0.3969
E71_R4_Power,71,E,0.6561
E71_R5_Power,71,E,0.3384
E71_R6_Power,71,E,0.4311
E71_R7_Power,71,E,0.6561
E71_R8_Power,71,E,0.3177
E71_R9_Power,71,E,0.315
E71_R10_Power,71,E,0.3141
E71_R11_Power,71,E,0.315
E71_R12_Water,71,W,1.8891
E71_R13_Water,71,W,2.7891
E74_R1_Power,74,E,0.920986142791971
E74_R1_Gas,74,G,2.1429
E75_R1_Water,75,W,10.8657
E76_R1_Power,76,E,0.833
E78_R1_Power,78,E,9
E79_R1_Power,79,E,1.15957894736842
E80_R1_Water,80,W,3.3989
E80_R3_Power,80,E,0.444545454545455
E80_R4_Power,80,E,0.444545454545455
E80_R5_Power,80,E,0.473225806451613
E80_R6_Power,80,E,0.453711340206186
E80_R8_Power,80,E,0.444545454545455
E81_R1_Power,81,E,0.470608695652174
E81_R2_Power,81,E,0.455714285714286
E81_R3_Power,81,E,0.499833333333333
E81_R4_Power,81,E,0.275657894736842
E81_R5_Power,81,E,0.440142857142857
E81_R6_Power,81,E,0.472105263157895
E83_R1_Gas,83,G,9
E84_R1_Power,84,E,0.2439
E84_R2_Power,84,E,0.36295652173913
E84_R3_Power,84,E,0.496
E84_R4_Power,84,E,0.496
E84_R5_Power,84,E,0.0684
E84_R6_Power,84,E,0.354367088607595
E84_R6_Water,84,W,0.98364
E84_R7_Power,84,E,0.362607594936709
E84_R7_Water,84,W,0.94116
E84_R8_Power,84,E,0.2491
E84_R8_Water,84,W,0.485454545454545
E84_R9_Water,84,W,1.01196
E84_R10_Water,84,W,0.5647
E84_R11_Water,84,W,0.5647
E84_R12_Water,84,W,0.465
E85_R5_Water,85,W,0.5377
E88_R1_Power,88,E,0.0063
E89_R1_Power,89,E,0.1593
E90_R1_Power,90,E,1.6506
E91_R1_Power,91,E,0.0234
E91_R3_Power,91,E,0.0234
E92_R1_Power,92,E,2.0988
E93_R1_Power,93,E,0.234
E94_R1_Power,94,E,0.0999
E94_R2_Power,94,E,0.4644
E94_R3_Power,94,E,0.3735
E94_R4_Power,94,E,0.4644
E95_R1_Power,95,E,0.291384231699492
E96_R1_Power,96,E,1.743
E97_R1_Water,97,W,5.15259882352941
E98_R2_Water,98,W,6.6
E98_R4_Water,98,W,9.9
E98_R5_Power,98,E,8.52631578947368
E98_R7_Water,98,W,9.9
E99_R1_Power,99,E,8.1
E99_R2_Power,99,E,8.80434782608696
E100_R1_Power,100,E,1.40870648579455
E100_R6_Power,100,E,0.0315
E100_R7_Power,100,E,0.0315
E100_R9_Power,100,E,0.0819
E101_R2_Power,101,E,1.8
E102_R3_Water,102,W,6.3
E107_R1_Power,107,E,40.5
E108_R1_Power,108,E,9
E108_R1_Water,108,W,27
E110_R1_Power,110,E,3
E112_R1_Power,112,E,1.8
E113_R1_Power,113,E,9
E113_R2_Power,113,E,5.4
E113_R2_Water,113,W,9
E114_R1_Power,114,E,0.3753
E114_R1_Water,114,W,0.4869
E116_R1_Power,116,E,0.0279
E117_R2_Water,117,W,0.6417
E119_R1_Power,118,E,0.747
E120_R1_Power,119,E,1.5543
E121_R1_Water,120,W,0.4086
E124_R1_Power,122,E,0.895161290322581
E124_R2_Water,122,W,0.8649
E126_R1_Water,123,W,2.4696
E126_R2_Power,123,E,2.4696
E127_R1_Power,124,E,0.0963
E128_R1_Power,125,E,0.1125
E130_R1_Power,127,E,0.5724
E131_R1_Power,128,E,0.0027
E135_R1_Power,132,E,0.2718
E136_R1_Power,133,E,0.1233
E136_R2_Power,133,E,0.1233
E137_R1_Power,134,E,1.89473684210526
E137_R1_Water,134,W,1.8
E139_R1_Power,136,E,0.9
E140_R1_Water,137,W,2.4579
E140_R2_Water,137,W,0.3969
E141_R1_Power,138,E,1.101
E141_R1_Water,138,W,6.3
E141_R2_Power,138,E,1.84766666666667
E144_R1_Power,141,E,0.343469387755102
E144_R2_Power,141,E,0.115979381443299
E148_R1_Power,145,E,1.1997
E148_R2_Power,145,E,2.8053
E149_R1_Power,145,E,0.0126
E150_R3_Water,145,W,18.9
E152_R1_Power,146,E,0.324
E152_R2_Power,146,E,0.324
E154_R1_Power,146,E,0.0378
E156_R1_Power,149,E,9.80000000000001
E156_R4_Power,149,E,0.9
E156_R5_Power,149,E,6.50000000000001
E156_R6_Power,149,E,8.5
E156_R7_Power,149,E,7.5
E156_R8_Power,149,E,3.775
E156_R11_Power,149,E,4.66666666666667
E156_R12_Power,149,E,7.5
E156_R13_Power,149,E,2.875
E156_R15_Power,149,E,6.5
E156_R16_Power,149,E,3.8
E156_R17_Power,149,E,7.5
E156_R18_Power,149,E,4.33333333333333
E156_R19_Power,149,E,2.94
E156_R20_Power,149,E,2.56666666666667
E156_R21_Power,149,E,2.84
E156_R22_Power,149,E,3.25
E156_R23_Power,149,E,8
E156_R24_Power,149,E,2.9811320754717
E156_R25_Power,149,E,10.8333333333333
E156_R26_Power,149,E,5.5
E157_R1_Water,150,W,15.3191489361702
E157_R4_Power,150,E,4
E157_R6_Power,150,E,0.331818181818182
E157_R7_Power,150,E,0.331818181818182
E157_R8_Power,150,E,0.331818181818182
E158_R1_Power,151,E,0.0567
E159_R1_Water,152,W,12.6
E159_R2_Water,152,W,12.6
E159_R2_Gas,152,G,2.485
E159_R3_Water,152,W,12.6
E159_R4_Water,152,W,2.4921
E159_R5_Water,152,W,12.6
E160_R1_Power,153,E,5.261
E161_R1_Power,154,E,0.526736842105263
E161_R2_Power,154,E,0.526736842105263
E161_R3_Power,154,E,0.526736842105263
E161_R5_Power,154,E,0.515876288659794
E161_R6_Power,154,E,0.515876288659794
E163_R1_Power,156,E,0.1557
E163_R3_Power,156,E,0.1062
E163_R4_Power,156,E,1.8
E163_R4_Water,156,W,7.7022
E164_R1_Power,157,E,0.1035
E164_R1_Water,157,W,0.1629
E164_R3_Power,157,E,0.0117
E165_R1_Power,158,E,5.5548
E165_R3_Power,158,E,0.0126
E165_R4_Power,158,E,5.61090909090909
E166_R1_Power,159,E,0.1017
E167_R1_Power,160,E,0.9
E167_R1_Water,160,W,5.2668
E167_R1_Gas,160,G,3.2796
E167_R2_Power,160,E,0.9279
E167_R2_Water,160,W,1.746
E169_R1_Power,161,E,0.0801
E169_R2_Power,161,E,0.0108
E169_R4_Power,161,E,0.347285714285714
E169_R5_Power,161,E,0.347285714285714
E169_R6_Power,161,E,0.38
E169_R7_Power,161,E,0.1359
E169_R8_Power,161,E,0.1359
E169_R9_Power,161,E,0.342
E169_R11_Power,161,E,0.342
E169_R12_Power,161,E,0.3798
E170_R2_Power,162,E,0.1746
E171_R3_Water,163,W,9.9
E172_R1_Power,164,E,3.969
E173_R1_Power,165,E,0.203109090909091
E173_R2_Power,165,E,1.4101
E173_R3_Power,165,E,0.952522727272727
E173_R4_Power,165,E,0.1946
E173_R5_Power,165,E,0.455000000000001
E173_R6_Power,165,E,0.565450000000001
E174_R1_Power,166,E,1.3563
E175_R3_Gas,167,G,4.5
E175_R7_Water,167,W,24.3
E176_R1_Power,168,E,10.5454545454545
E176_R1_Water,168,W,10.1666666666667
E177_R1_Power,169,E,0.1125
E178_R1_Power,169,E,18.3238866396761
E178_R2_Power,169,E,20.9216346153846
E178_R3_Power,169,E,23.4545454545455
E184_R1_Power,69,E,98.3717000976881
E184_R1_Water,69,W,102.264627279102
E185_R1_Water,172,W,151.2
E185_R1_Gas,172,G,154.666666666667
E187_R1_Power,174,E,0.45
E187_R1_Water,174,W,22.5
E187_R1_Gas,174,G,23.9519083969466
E187_R2_Gas,174,G,11.7872928176796
E187_R3_Power,174,E,0.228997207446808
E188_R1_Gas,175,G,13.5
E188_R2_Gas,175,G,3.6
E188_R3_Power,175,E,8.1
E188_R3_Water,175,W,14.4
E188_R4_Power,175,E,2.5767
E188_R4_Water,175,W,14.4
E189_R1_Power,176,E,0.45
E189_R2_Water,176,W,3.6
E191_R1_Power,177,E,0.4086
E191_R1_Water,177,W,1.711575
E191_R2_Water,177,W,0.3708
E192_R1_Power,178,E,8
E192_R2_Water,178,W,29.016177380216
E192_R3_Power,178,E,9.70612585544984
E192_R3_Water,178,W,30.5343258891646
E192_R4_Power,178,E,4.63157894736842
E192_R6_Power,178,E,7
E192_R8_Power,178,E,6.63157894736842
E192_R10_Power,178,E,7.5
E192_R11_Power,178,E,4.8
E192_R13_Power,178,E,7.28571428571429
E192_R13_Water,178,W,19.355421686747
E192_R14_Power,178,E,2.89322033898305
E192_R16_Power,178,E,1.85567010309278
E192_R17_Power,178,E,6.3
E192_R18_Power,178,E,6.42857142857143
E192_R19_Power,178,E,6.42857142857143
E192_R20_Power,178,E,2
E192_R21_Power,178,E,6.83870967741935
E192_R22_Power,178,E,6.3
E192_R26_Power,178,E,6.70212765957447
E192_R27_Power,178,E,6.36363636363636
E192_R28_Power,178,E,6.3
E192_R29_Power,178,E,6.49484536082474
E192_R30_Power,178,E,6.5625
E192_R33_Power,178,E,6.44444444444445
E192_R34_Power,178,E,6.36363636363636
E192_R35_Power,178,E,12.6506024096386
E193_R1_Power,179,E,1.55392880429067
E193_R1_Gas,179,G,1.06672697368421
E193_R2_Power,179,E,4.37015069398546
E193_R2_Gas,179,G,30.2063233333333
E193_R3_Power,179,E,10.6166376476631
E193_R3_Gas,179,G,34.1388047740293
E193_R4_Power,179,E,44.1831278750181
E193_R4_Gas,179,G,33.4395480278422
E193_R5_Power,179,E,3.41428178069322
E193_R5_Gas,179,G,9.4462122905028
E193_R6_Power,179,E,0.551071171931868
E193_R6_Gas,179,G,1.0491
E193_R7_Power,179,E,1.01765636155855
E193_R7_Gas,179,G,17.1656173752311
E193_R8_Power,179,E,0.453929673321234
E193_R8_Gas,179,G,2.80088636363636
E193_R9_Gas,179,G,33.8082020943254
E193_R10_Power,179,E,0.38099902882914
E193_R11_Power,179,E,0.97651111679634
E193_R12_Power,179,E,0.601134493127148
E193_R13_Power,179,E,0.628592785229604
E193_R14_Power,179,E,0.552826195109569
E193_R15_Power,179,E,1.24592615242601
E193_R16_Power,179,E,1.19273142527852
E193_R17_Power,179,E,0.778824731182796
E193_R18_Water,179,W,27.5927399303829
E193_R19_Water,179,W,9.750986985491
E193_R20_Water,179,W,14.8995364565523
E193_R21_Water,179,W,15.2996005326232
E193_R23_Water,179,W,83.2512958963283
E193_R24_Water,179,W,15.1117647058824
E193_R25_Water,179,W,9.6571144278607
E193_R31_Water,179,W,22.9084655548233
E194_R1_Power,180,E,2.92594618183393
E194_R1_Water,180,W,6.25002523255814
E194_R2_Water,180,W,6.2821
E198_R2_Power,184,E,3.68302317088622
E198_R3_Power,184,E,4.84600473831574
E200_R1_Power,186,E,0.0306
E200_R2_Power,186,E,0.0234
E200_R3_Power,186,E,0.0226
E200_R4_Power,186,E,0.0281
E200_R5_Power,186,E,0.0675
E200_R6_Power,186,E,0.0092
E200_R7_Power,186,E,0.0101
E200_R8_Power,186,E,0.0621
E201_R1_Power,187,E,0.0684
E201_R2_Power,187,E,0.1134
E201_R3_Power,187,E,0.1791
E201_R4_Power,187,E,0.1791
E201_R5_Power,187,E,0.2271
E201_R6_Power,187,E,0.0766
E201_R7_Power,187,E,0.1791
E201_R8_Power,187,E,0.1245
E201_R9_Power,187,E,0.0952
E201_R10_Power,187,E,0.0343
E201_R11_Power,187,E,0.0163
E201_R12_Power,187,E,0.0685
E201_R13_Power,187,E,0.0334
E201_R14_Power,187,E,0.0658
E201_R15_Power,187,E,0.2683
E201_R16_Power,187,E,0.0199
E201_R17_Power,187,E,0.0253
E201_R18_Power,187,E,0.0505
E201_R19_Power,187,E,0.0442
E201_R20_Power,187,E,0.1378
E201_R21_Power,187,E,0.0487
E201_R22_Power,187,E,0.0478
E201_R23_Power,187,E,0.1153
E201_R24_Power,187,E,0.0262
E201_R25_Power,187,E,0.0343
E201_R26_Power,187,E,0.0271
E201_R27_Power,187,E,0.0244
E201_R28_Power,187,E,0.0253
E201_R29_Power,187,E,0.0361
E201_R30_Power,187,E,0.0361
E201_R31_Power,187,E,0.0361
E201_R32_Power,187,E,0.0334
E201_R33_Power,187,E,0.0955
E201_R34_Power,187,E,0.0172
E201_R35_Power,187,E,0.0235
E201_R36_Power,187,E,0.0361
E201_R37_Power,187,E,0.2467
E201_R38_Power,187,E,0.2593
E201_R39_Power,187,E,0.1441
E201_R40_Power,187,E,0.2467
E201_R41_Power,187,E,0.2467
E201_R42_Power,187,E,0.2476
E201_R43_Power,187,E,0.2773
E201_R44_Power,187,E,0.298
E201_R45_Power,187,E,0.0478
E201_R46_Power,187,E,0.1443
E201_R47_Power,187,E,0.1443
E201_R48_Power,187,E,0.1443
E201_R49_Power,187,E,0.1443
E201_R50_Power,187,E,0.1443
E201_R51_Power,187,E,0.0541
E201_R52_Power,187,E,0.1702
E201_R53_Power,187,E,0.2728
E201_R54_Power,187,E,0.1819
E201_R55_Power,187,E,0.1918
E201_R56_Power,187,E,0.1918
E201_R57_Power,187,E,0.0765
E201_R58_Power,187,E,0.0482
E201_R59_Power,187,E,0.1245
E201_R60_Power,187,E,0.0987
E201_R61_Power,187,E,0.0428
E201_R62_Power,187,E,0.2727
E201_R63_Water,187,W,0.4115
E201_R64_Water,187,W,0.4115
E201_R65_Water,187,W,0.8678
E201_R66_Water,187,W,0.8678
E201_R67_Water,187,W,0.5098
E202_R1_Power,188,E,0.9
E202_R2_Power,188,E,4.5
E203_R1_Power,189,E,3.5125
E204_R1_Power,190,E,0.1872
E204_R2_Power,190,E,0.4491
E205_R2_Gas,191,G,1.7982
E205_R3_Gas,191,G,3.5982
E205_R4_Power,191,E,3.78757894736842
E205_R4_Gas,191,G,1.7982
E205_R5_Power,191,E,3.998
E205_R7_Power,191,E,3.37875
E205_R8_Power,191,E,0.5985
E205_R9_Power,191,E,3.88574514038877
E206_R2_Water,192,W,6.3
E207_R1_Power,192,E,63.9
E207_R1_Water,192,W,6.3
E209_R1_Power,194,E,3.78947368421053
E210_R1_Power,195,E,4.7871
E212_R2_Water,197,W,2.7
E213_R3_Power,198,E,0.7317
E216_R4_Water,201,W,3.8025
E217_R1_Power,202,E,1.69223201174743
E217_R1_Water,202,W,5.37733333333333
E218_R1_Power,203,E,0.821421319796954
E219_R1_Water,204,W,2
E219_R5_Power,204,E,0.9801
E220_R1_Power,205,E,0.3564
E221_R1_Water,192,W,6.3
E224_R1_Power,207,E,0.0558
E225_R1_Power,208,E,6.51352727272727
E226_R1_Power,209,E,0.1953
E227_R1_Gas,210,G,0.9873
E229_R1_Power,212,E,0.8217
E230_R1_Power,213,E,0.4239
E231_R1_Power,214,E,0.574799990710205
E234_R1_Power,217,E,0.0045
E235_R1_Power,218,E,8.27995602784903
E236_R1_Power,219,E,4.73599457429382
E237_R1_Power,220,E,4.78784210526316
E237_R1_Water,220,W,7.81284210526316
E238_R2_Power,221,E,0.3789
E240_R1_Power,223,E,0.908479138627187
E240_R1_Gas,223,G,1.8
E241_R1_Power,224,E,1.8
E243_R1_Power,226,E,0.5121
E244_R1_Power,227,E,2.8485
E245_R1_Power,228,E,1.6749
E245_R2_Power,228,E,0.3627
E246_R1_Power,229,E,0.5657
E246_R2_Power,229,E,1.6142
E246_R3_Power,229,E,0.5657
E247_R1_Power,230,E,0.0351
E251_R1_Power,234,E,0.2133
E251_R1_Water,234,W,0.7758
E251_R2_Water,234,W,0.7758
E252_R1_Power,235,E,1.0314
E252_R1_Water,235,W,1.8
E253_R1_Power,236,E,0.4329
E253_R1_Water,236,W,0.9
E254_R1_Power,237,E,7.2
E255_R1_Power,238,E,1.8
E257_R1_Power,240,E,0.675
E258_R1_Power,241,E,0.0819
E259_R1_Power,242,E,0.0378
E260_R1_Power,243,E,0.2817
E261_R2_Power,244,E,0.1647
E261_R3_Power,244,E,1.8711
